{
  "player_scaling": {
    "78e769e0-b26a-4b5e-a81f-4a0b67a35cdd": {
      "flight": 1.0,
      "mob_vis": 1.0,
      "motion": 1.0,
      "defense": 1.0,
      "attack": 1.0,
      "akb": 1.0,
      "health": 1.0,
      "kbr": 1.0,
      "asp": 1.0
    },
    "0a15881a-5d49-38be-8130-84c2fd191980": {
      "flight": 1.0,
      "mob_vis": 1.0,
      "motion": 1.0,
      "defense": 1.0,
      "attack": 1.0,
      "akb": 1.0,
      "health": 1.0,
      "kbr": 1.0,
      "asp": 1.0
    },
    "1b62b1de-0234-3bd2-9771-db9d39921a7e": {
      "flight": 1.0,
      "mob_vis": 1.0,
      "motion": 1.0,
      "defense": 1.0,
      "attack": 1.0,
      "akb": 1.0,
      "health": 1.0,
      "kbr": 1.0,
      "asp": 1.0
    }
  },
  "player_scaling_settings": {},
  "scaling_settings": {
    "motion": {},
    "mob_visibility": {},
    "defense": {},
    "attack_knockback": {},
    "flight_speed": {},
    "knockback_resist": {},
    "health": {},
    "attack_speed": {},
    "attack_dmg": {}
  },
  "skins": {
    "1b62b1de-0234-3bd2-9771-db9d39921a7e": {
      "forced": true,
      "model": "UwsBAQQuLWdpdDpNYXRlaW4xMi80ZDJiNzA2ZWU3OWRlYzI0MDZhZjNkZDM1YzRiZTU0NAAADfo\u003d"
    }
  }
}