{"stats":{"minecraft:used":{"minecraft:cooked_mutton":2,"minecraft:stone_pickaxe":12,"minecraft:wooden_pickaxe":10,"minecraft:sugar_cane":7,"minecraft:cooked_salmon":2,"minecraft:rotten_flesh":1,"minecraft:dirt":2,"minecraft:crafting_table":4,"minecraft:iron_pickaxe":3,"minecraft:gravel":5,"minecraft:stone_axe":34,"minecraft:wooden_sword":1,"minecraft:cobblestone":4,"minecraft:porkchop":1,"minecraft:cooked_cod":2,"minecraft:cooked_beef":2},"minecraft:killed":{"minecraft:pig":1,"minecraft:iron_golem":1,"minecraft:polar_bear":1,"minecraft:skeleton":1,"minecraft:cow":1},"minecraft:custom":{"minecraft:interact_with_furnace":2,"minecraft:mob_kills":5,"minecraft:interact_with_crafting_table":7,"minecraft:bell_ring":10,"minecraft:leave_game":2,"minecraft:time_since_death":33264,"minecraft:sleep_in_bed":1,"minecraft:time_since_rest":12850,"minecraft:sprint_one_cm":180070,"minecraft:damage_taken":1110,"minecraft:walk_one_cm":120739,"minecraft:drop":1,"minecraft:damage_dealt":1759,"minecraft:fly_one_cm":264065,"minecraft:swim_one_cm":4085,"minecraft:talked_to_villager":2,"minecraft:open_chest":9,"minecraft:crouch_one_cm":1520,"minecraft:play_time":39030,"minecraft:deaths":3,"minecraft:sneak_time":545,"minecraft:walk_under_water_one_cm":3418,"minecraft:jump":1171,"minecraft:walk_on_water_one_cm":4697,"minecraft:total_world_time":39030,"minecraft:fall_one_cm":42326},"minecraft:picked_up":{"minecraft:crafting_table":4,"minecraft:cooked_beef":1,"minecraft:wooden_pickaxe":1,"minecraft:gold_block":2,"minecraft:stone_brick_stairs":1,"minecraft:oak_log":6,"minecraft:dirt":3,"minecraft:wooden_sword":1,"minecraft:cooked_mutton":2,"minecraft:spruce_planks":2,"minecraft:beef":3,"minecraft:iron_ingot":5,"minecraft:stone_pickaxe":1,"minecraft:sugar_cane":3,"minecraft:oak_planks":2,"minecraft:stick":3,"minecraft:raw_iron":1,"minecraft:gravel":15,"minecraft:porkchop":1,"minecraft:stripped_spruce_log":1,"minecraft:spruce_log":7,"minecraft:cooked_cod":2,"minecraft:stone_axe":1,"minecraft:coal":10,"minecraft:cobblestone":16},"minecraft:crafted":{"minecraft:cooked_beef":1,"minecraft:wooden_sword":1,"minecraft:oak_planks":24,"minecraft:crafting_table":2,"minecraft:spruce_planks":32,"minecraft:wooden_pickaxe":1,"minecraft:stone_axe":1,"minecraft:air":0,"minecraft:shield":1,"minecraft:stick":12,"minecraft:iron_pickaxe":1,"minecraft:stone_pickaxe":1,"minecraft:wooden_axe":1,"minecraft:gold_ingot":18},"minecraft:dropped":{"minecraft:filled_map":1},"minecraft:mined":{"minecraft:spruce_planks":3,"minecraft:crafting_table":4,"minecraft:oak_planks":2,"minecraft:sugar_cane":1,"minecraft:iron_ore":1,"minecraft:spruce_log":7,"minecraft:stone_brick_stairs":1,"minecraft:gold_block":2,"minecraft:coal_ore":10,"minecraft:oak_log":6,"minecraft:stone":11,"minecraft:oak_leaves":1},"minecraft:killed_by":{"minecraft:player":2}},"DataVersion":3700}