{"stats":{"minecraft:custom":{"minecraft:jump":128,"minecraft:time_since_rest":1235,"minecraft:crouch_one_cm":147,"minecraft:deaths":2,"minecraft:leave_game":1,"minecraft:play_time":3195,"minecraft:sprint_one_cm":11781,"minecraft:damage_taken":508,"minecraft:time_since_death":1205,"minecraft:walk_one_cm":2331,"minecraft:sneak_time":104,"minecraft:total_world_time":3195,"minecraft:fall_one_cm":7780,"minecraft:fly_one_cm":34057},"minecraft:picked_up":{"minecraft:oak_log":6},"minecraft:crafted":{"minecraft:oak_planks":24},"minecraft:mined":{"minecraft:oak_log":6,"minecraft:oak_leaves":1},"minecraft:killed_by":{"minecraft:player":1}},"DataVersion":3700}