{"stats":{"minecraft:used":{"minecraft:wheat_seeds":1,"minecraft:cooked_mutton":2,"minecraft:stone_pickaxe":15,"minecraft:spruce_planks":6,"minecraft:wooden_pickaxe":10,"minecraft:sugar_cane":7,"minecraft:cooked_salmon":4,"minecraft:rotten_flesh":1,"minecraft:dirt":4,"minecraft:crafting_table":4,"minecraft:bread":2,"minecraft:iron_pickaxe":57,"minecraft:gravel":8,"minecraft:stone_axe":52,"minecraft:wooden_sword":10,"minecraft:cobblestone":17,"minecraft:beef":3,"minecraft:porkchop":1,"minecraft:cooked_cod":2,"minecraft:potato":2,"minecraft:cooked_beef":2,"minecraft:cobbled_deepslate":3},"minecraft:killed":{"minecraft:pig":1,"minecraft:iron_golem":3,"minecraft:polar_bear":1,"minecraft:skeleton":1,"minecraft:cow":1},"minecraft:custom":{"minecraft:interact_with_furnace":7,"minecraft:mob_kills":7,"minecraft:interact_with_crafting_table":8,"minecraft:bell_ring":10,"minecraft:leave_game":2,"minecraft:time_since_death":57264,"minecraft:sleep_in_bed":2,"minecraft:time_since_rest":23399,"minecraft:sprint_one_cm":254064,"minecraft:damage_taken":1360,"minecraft:walk_one_cm":207539,"minecraft:drop":27,"minecraft:damage_dealt":3766,"minecraft:fly_one_cm":347994,"minecraft:swim_one_cm":4266,"minecraft:talked_to_villager":2,"minecraft:open_chest":13,"minecraft:crouch_one_cm":4036,"minecraft:play_time":63030,"minecraft:deaths":3,"minecraft:sneak_time":1686,"minecraft:walk_under_water_one_cm":3790,"minecraft:jump":1733,"minecraft:walk_on_water_one_cm":7617,"minecraft:total_world_time":63030,"minecraft:fall_one_cm":60151},"minecraft:picked_up":{"minecraft:crafting_table":4,"minecraft:cooked_beef":1,"minecraft:glow_ink_sac":3,"minecraft:wooden_pickaxe":1,"minecraft:potato":2,"minecraft:gold_block":2,"minecraft:stone_brick_stairs":1,"minecraft:oak_log":6,"minecraft:dirt":4,"minecraft:wooden_sword":1,"minecraft:cooked_mutton":2,"minecraft:wheat_seeds":1,"minecraft:cobbled_deepslate":7,"minecraft:raw_gold":2,"minecraft:spruce_planks":2,"minecraft:beef":3,"minecraft:iron_ingot":11,"minecraft:stone_pickaxe":1,"minecraft:poppy":2,"minecraft:sugar_cane":3,"minecraft:oak_planks":2,"minecraft:stick":3,"minecraft:raw_iron":38,"minecraft:gravel":16,"minecraft:porkchop":1,"minecraft:stripped_spruce_log":1,"minecraft:diorite":1,"minecraft:spruce_log":7,"minecraft:redstone":4,"minecraft:iron_hoe":1,"minecraft:rotten_flesh":2,"minecraft:cooked_cod":2,"minecraft:diamond":6,"minecraft:stone_axe":1,"minecraft:bread":2,"minecraft:coal":10,"minecraft:cobblestone":27},"minecraft:crafted":{"minecraft:cooked_beef":1,"minecraft:wooden_sword":1,"minecraft:oak_planks":24,"minecraft:crafting_table":2,"minecraft:spruce_planks":32,"minecraft:wooden_pickaxe":1,"minecraft:stone_axe":1,"minecraft:air":0,"minecraft:shield":1,"minecraft:iron_hoe":1,"minecraft:stick":12,"minecraft:iron_pickaxe":1,"minecraft:stone_pickaxe":1,"minecraft:wooden_axe":1,"minecraft:gold_ingot":18},"minecraft:dropped":{"minecraft:golden_chestplate":1,"minecraft:diamond":3,"minecraft:raw_iron":20,"minecraft:iron_hoe":2,"minecraft:filled_map":1},"minecraft:mined":{"minecraft:spruce_planks":3,"minecraft:deepslate_diamond_ore":6,"minecraft:crafting_table":4,"minecraft:cobblestone":3,"minecraft:oak_planks":2,"minecraft:sugar_cane":1,"minecraft:redstone_ore":1,"minecraft:iron_ore":16,"minecraft:spruce_log":7,"minecraft:stone_brick_stairs":1,"minecraft:gold_block":2,"minecraft:coal_ore":10,"minecraft:oak_log":6,"minecraft:deepslate_iron_ore":22,"minecraft:stone":16,"minecraft:gold_ore":2,"minecraft:oak_leaves":1,"minecraft:deepslate":3},"minecraft:killed_by":{"minecraft:player":2}},"DataVersion":3700}