{"stats":{"minecraft:used":{"minecraft:cooked_mutton":2,"minecraft:stone_pickaxe":10,"minecraft:wooden_pickaxe":10,"minecraft:gravel":2,"minecraft:stone_axe":8,"minecraft:wooden_sword":1,"minecraft:cobblestone":4,"minecraft:crafting_table":2,"minecraft:porkchop":1,"minecraft:cooked_beef":1},"minecraft:killed":{"minecraft:skeleton":1,"minecraft:pig":1},"minecraft:custom":{"minecraft:time_since_rest":9290,"minecraft:interact_with_furnace":2,"minecraft:sprint_one_cm":59472,"minecraft:damage_taken":976,"minecraft:walk_one_cm":34654,"minecraft:mob_kills":2,"minecraft:damage_dealt":470,"minecraft:interact_with_crafting_table":4,"minecraft:fly_one_cm":126310,"minecraft:open_chest":1,"minecraft:crouch_one_cm":545,"minecraft:play_time":15030,"minecraft:deaths":3,"minecraft:sneak_time":271,"minecraft:walk_under_water_one_cm":85,"minecraft:jump":569,"minecraft:leave_game":2,"minecraft:walk_on_water_one_cm":196,"minecraft:time_since_death":9264,"minecraft:total_world_time":15030,"minecraft:fall_one_cm":25240},"minecraft:picked_up":{"minecraft:stick":3,"minecraft:crafting_table":3,"minecraft:wooden_pickaxe":1,"minecraft:gravel":15,"minecraft:porkchop":1,"minecraft:oak_log":6,"minecraft:wooden_sword":1,"minecraft:cooked_mutton":2,"minecraft:stone_axe":1,"minecraft:stone_pickaxe":1,"minecraft:coal":10,"minecraft:oak_planks":2,"minecraft:cobblestone":14},"minecraft:crafted":{"minecraft:cooked_beef":1,"minecraft:wooden_sword":1,"minecraft:oak_planks":24,"minecraft:crafting_table":2,"minecraft:stick":12,"minecraft:wooden_pickaxe":1,"minecraft:stone_pickaxe":1,"minecraft:wooden_axe":1,"minecraft:stone_axe":1,"minecraft:air":0},"minecraft:mined":{"minecraft:crafting_table":3,"minecraft:oak_log":6,"minecraft:coal_ore":10,"minecraft:stone":10,"minecraft:oak_leaves":1},"minecraft:killed_by":{"minecraft:player":2}},"DataVersion":3700}