{"stats":{"minecraft:used":{"minecraft:spruce_planks":6,"minecraft:shield":7,"minecraft:cooked_salmon":4,"minecraft:rotten_flesh":24,"minecraft:dirt":4,"minecraft:iron_axe":11,"minecraft:diamond_chestplate":1,"minecraft:beef":3,"minecraft:cooked_cod":2,"minecraft:gray_bed":1,"minecraft:cooked_beef":2,"minecraft:potato":2,"minecraft:cobbled_deepslate":104,"minecraft:wheat_seeds":1,"minecraft:cooked_mutton":16,"minecraft:diamond_boots":1,"minecraft:stone_pickaxe":15,"minecraft:wooden_pickaxe":10,"minecraft:sugar_cane":7,"minecraft:crafting_table":5,"minecraft:shears":32,"minecraft:diamond_pickaxe":170,"minecraft:bread":17,"minecraft:iron_pickaxe":101,"minecraft:gravel":9,"minecraft:stone_axe":55,"minecraft:wooden_sword":10,"minecraft:cobblestone":17,"minecraft:porkchop":1,"minecraft:gray_wool":42,"minecraft:diamond_leggings":1},"minecraft:killed":{"minecraft:skeleton":1,"minecraft:pig":1,"minecraft:iron_golem":3,"minecraft:polar_bear":1,"minecraft:zombie":1,"minecraft:cow":1},"minecraft:custom":{"minecraft:mob_kills":8,"minecraft:interact_with_crafting_table":23,"minecraft:bell_ring":10,"minecraft:leave_game":2,"minecraft:time_since_death":165264,"minecraft:climb_one_cm":649,"minecraft:sprint_one_cm":557313,"minecraft:walk_one_cm":438281,"minecraft:damage_blocked_by_shield":71,"minecraft:drop":91,"minecraft:talked_to_villager":2,"minecraft:play_time":171030,"minecraft:deaths":3,"minecraft:sneak_time":30126,"minecraft:walk_under_water_one_cm":3877,"minecraft:jump":3310,"minecraft:walk_on_water_one_cm":18427,"minecraft:enchant_item":9,"minecraft:total_world_time":171030,"minecraft:interact_with_furnace":38,"minecraft:sleep_in_bed":2,"minecraft:time_since_rest":131399,"minecraft:damage_taken":3124,"minecraft:damage_dealt":4306,"minecraft:swim_one_cm":5605,"minecraft:fly_one_cm":509355,"minecraft:open_chest":30,"minecraft:crouch_one_cm":108721,"minecraft:fall_one_cm":89251},"minecraft:picked_up":{"minecraft:crafting_table":5,"minecraft:iron_chestplate":1,"minecraft:wooden_pickaxe":1,"minecraft:gold_block":2,"minecraft:stone_brick_stairs":1,"minecraft:string":2,"minecraft:wooden_sword":1,"minecraft:diamond_leggings":1,"minecraft:cobbled_deepslate":667,"minecraft:spruce_planks":2,"minecraft:beef":3,"minecraft:poppy":2,"minecraft:spruce_slab":4,"minecraft:sugar_cane":3,"minecraft:raw_iron":47,"minecraft:stick":3,"minecraft:porkchop":1,"minecraft:diorite":1,"minecraft:redstone":8,"minecraft:golden_chestplate":2,"minecraft:arrow":2,"minecraft:rotten_flesh":13,"minecraft:cooked_cod":2,"minecraft:shears":1,"minecraft:rail":1,"minecraft:cobblestone":33,"minecraft:cooked_beef":1,"minecraft:glow_ink_sac":3,"minecraft:potato":2,"minecraft:tuff":4,"minecraft:oak_log":6,"minecraft:gunpowder":7,"minecraft:dirt":10,"minecraft:lapis_lazuli":36,"minecraft:cooked_mutton":17,"minecraft:bone":1,"minecraft:wheat_seeds":1,"minecraft:raw_gold":2,"minecraft:iron_ingot":11,"minecraft:stone_pickaxe":1,"minecraft:gray_bed":1,"minecraft:oak_planks":2,"minecraft:sculk_catalyst":1,"minecraft:smooth_basalt":15,"minecraft:gravel":20,"minecraft:stripped_spruce_log":1,"minecraft:spruce_log":7,"minecraft:mossy_cobblestone":3,"minecraft:iron_hoe":1,"minecraft:diamond":59,"minecraft:stone_axe":1,"minecraft:gray_wool":45,"minecraft:bread":21,"minecraft:coal":10},"minecraft:crafted":{"minecraft:wooden_sword":1,"minecraft:oak_planks":24,"minecraft:iron_boots":1,"minecraft:diamond_helmet":1,"minecraft:diamond_leggings":1,"minecraft:iron_axe":1,"minecraft:iron_hoe":1,"minecraft:stone_pickaxe":1,"minecraft:diamond_boots":1,"minecraft:cooked_beef":1,"minecraft:crafting_table":2,"minecraft:spruce_planks":32,"minecraft:wooden_pickaxe":1,"minecraft:iron_helmet":1,"minecraft:bucket":1,"minecraft:stone_axe":1,"minecraft:air":0,"minecraft:diamond_pickaxe":1,"minecraft:shield":1,"minecraft:stick":16,"minecraft:iron_ingot":35,"minecraft:iron_pickaxe":1,"minecraft:wooden_axe":1,"minecraft:gold_ingot":18,"minecraft:iron_leggings":1,"minecraft:shears":1,"minecraft:diamond_chestplate":1},"minecraft:dropped":{"minecraft:bread":3,"minecraft:iron_ingot":5,"minecraft:mossy_cobblestone":3,"minecraft:diamond":4,"minecraft:cobblestone":6,"minecraft:rail":1,"minecraft:music_disc_13":1,"minecraft:stick":1,"minecraft:dirt":6,"minecraft:diorite":1,"minecraft:wooden_sword":1,"minecraft:golden_hoe":1,"minecraft:smooth_basalt":15,"minecraft:bone":1,"minecraft:redstone":8,"minecraft:gravel":4,"minecraft:iron_nugget":9,"minecraft:golden_chestplate":3,"minecraft:cobbled_deepslate":283,"minecraft:tuff":4,"minecraft:raw_iron":23,"minecraft:iron_hoe":2,"minecraft:cooked_mutton":1,"minecraft:shears":1,"minecraft:filled_map":1,"minecraft:poppy":2,"minecraft:spruce_slab":4,"minecraft:arrow":2,"minecraft:stone_pickaxe":1,"minecraft:wooden_pickaxe":1,"minecraft:raw_gold":2,"minecraft:stone_brick_stairs":1},"minecraft:mined":{"minecraft:tuff":1,"minecraft:spruce_planks":3,"minecraft:mossy_cobblestone":1,"minecraft:deepslate_diamond_ore":39,"minecraft:sculk_vein":1,"minecraft:redstone_ore":1,"minecraft:iron_ore":19,"minecraft:fire":8,"minecraft:cobbled_deepslate":134,"minecraft:deepslate_lapis_ore":5,"minecraft:gold_block":2,"minecraft:enchanting_table":2,"minecraft:deepslate_iron_ore":27,"minecraft:stone":16,"minecraft:crafting_table":5,"minecraft:cobblestone":4,"minecraft:sugar_cane":1,"minecraft:oak_planks":2,"minecraft:gray_wool":34,"minecraft:gray_bed":1,"minecraft:spruce_log":7,"minecraft:stone_brick_stairs":1,"minecraft:oak_log":6,"minecraft:coal_ore":10,"minecraft:gold_ore":2,"minecraft:oak_leaves":1,"minecraft:deepslate":27},"minecraft:killed_by":{"minecraft:player":2}},"DataVersion":3700}