{"stats":{"minecraft:used":{"minecraft:cooked_mutton":2,"minecraft:stone_pickaxe":12,"minecraft:wooden_pickaxe":10,"minecraft:gravel":5,"minecraft:cooked_salmon":2,"minecraft:rotten_flesh":1,"minecraft:stone_axe":28,"minecraft:wooden_sword":1,"minecraft:cobblestone":4,"minecraft:crafting_table":3,"minecraft:porkchop":1,"minecraft:cooked_beef":2},"minecraft:killed":{"minecraft:skeleton":1,"minecraft:pig":1,"minecraft:iron_golem":1},"minecraft:custom":{"minecraft:time_since_rest":850,"minecraft:interact_with_furnace":2,"minecraft:sprint_one_cm":114351,"minecraft:damage_taken":1051,"minecraft:walk_one_cm":64432,"minecraft:mob_kills":3,"minecraft:drop":1,"minecraft:damage_dealt":1559,"minecraft:talked_to_villager":2,"minecraft:swim_one_cm":4085,"minecraft:interact_with_crafting_table":6,"minecraft:fly_one_cm":194939,"minecraft:open_chest":5,"minecraft:crouch_one_cm":1044,"minecraft:play_time":27030,"minecraft:deaths":3,"minecraft:sneak_time":398,"minecraft:walk_under_water_one_cm":3418,"minecraft:jump":877,"minecraft:leave_game":2,"minecraft:walk_on_water_one_cm":4697,"minecraft:time_since_death":21264,"minecraft:sleep_in_bed":1,"minecraft:total_world_time":27030,"minecraft:fall_one_cm":34266},"minecraft:picked_up":{"minecraft:raw_iron":1,"minecraft:stick":3,"minecraft:crafting_table":4,"minecraft:cooked_beef":1,"minecraft:wooden_pickaxe":1,"minecraft:gravel":15,"minecraft:porkchop":1,"minecraft:oak_log":6,"minecraft:spruce_log":7,"minecraft:dirt":3,"minecraft:wooden_sword":1,"minecraft:cooked_mutton":2,"minecraft:stone_axe":1,"minecraft:iron_ingot":5,"minecraft:stone_pickaxe":1,"minecraft:coal":10,"minecraft:oak_planks":2,"minecraft:cobblestone":16},"minecraft:crafted":{"minecraft:cooked_beef":1,"minecraft:wooden_sword":1,"minecraft:oak_planks":24,"minecraft:shield":1,"minecraft:crafting_table":2,"minecraft:spruce_planks":28,"minecraft:stick":12,"minecraft:wooden_pickaxe":1,"minecraft:stone_pickaxe":1,"minecraft:wooden_axe":1,"minecraft:stone_axe":1,"minecraft:air":0},"minecraft:dropped":{"minecraft:filled_map":1},"minecraft:mined":{"minecraft:iron_ore":1,"minecraft:spruce_log":7,"minecraft:crafting_table":4,"minecraft:oak_log":6,"minecraft:coal_ore":10,"minecraft:stone":11,"minecraft:oak_planks":2,"minecraft:oak_leaves":1},"minecraft:killed_by":{"minecraft:player":2}},"DataVersion":3700}