{"stats":{"minecraft:used":{"minecraft:wheat_seeds":1,"minecraft:cooked_mutton":12,"minecraft:stone_pickaxe":15,"minecraft:shield":1,"minecraft:spruce_planks":6,"minecraft:wooden_pickaxe":10,"minecraft:sugar_cane":7,"minecraft:cooked_salmon":4,"minecraft:rotten_flesh":13,"minecraft:dirt":4,"minecraft:crafting_table":4,"minecraft:iron_axe":6,"minecraft:bread":2,"minecraft:iron_pickaxe":100,"minecraft:gravel":9,"minecraft:stone_axe":53,"minecraft:wooden_sword":10,"minecraft:cobblestone":17,"minecraft:beef":3,"minecraft:porkchop":1,"minecraft:cooked_cod":2,"minecraft:potato":2,"minecraft:cooked_beef":2,"minecraft:cobbled_deepslate":19},"minecraft:killed":{"minecraft:pig":1,"minecraft:iron_golem":3,"minecraft:polar_bear":1,"minecraft:skeleton":1,"minecraft:zombie":1,"minecraft:cow":1},"minecraft:custom":{"minecraft:interact_with_furnace":34,"minecraft:mob_kills":8,"minecraft:interact_with_crafting_table":14,"minecraft:bell_ring":10,"minecraft:leave_game":2,"minecraft:time_since_death":93264,"minecraft:sleep_in_bed":2,"minecraft:time_since_rest":59399,"minecraft:sprint_one_cm":376329,"minecraft:damage_taken":2071,"minecraft:walk_one_cm":292459,"minecraft:damage_blocked_by_shield":22,"minecraft:drop":50,"minecraft:damage_dealt":4111,"minecraft:fly_one_cm":420340,"minecraft:swim_one_cm":5605,"minecraft:talked_to_villager":2,"minecraft:open_chest":17,"minecraft:crouch_one_cm":15389,"minecraft:play_time":99030,"minecraft:deaths":3,"minecraft:sneak_time":5138,"minecraft:walk_under_water_one_cm":3877,"minecraft:jump":2361,"minecraft:walk_on_water_one_cm":13413,"minecraft:enchant_item":5,"minecraft:total_world_time":99030,"minecraft:fall_one_cm":73791},"minecraft:picked_up":{"minecraft:iron_chestplate":1,"minecraft:crafting_table":4,"minecraft:cooked_beef":1,"minecraft:glow_ink_sac":3,"minecraft:wooden_pickaxe":1,"minecraft:potato":2,"minecraft:gold_block":2,"minecraft:tuff":2,"minecraft:stone_brick_stairs":1,"minecraft:oak_log":6,"minecraft:lapis_lazuli":36,"minecraft:dirt":4,"minecraft:wooden_sword":1,"minecraft:cooked_mutton":16,"minecraft:bone":1,"minecraft:wheat_seeds":1,"minecraft:cobbled_deepslate":81,"minecraft:raw_gold":2,"minecraft:spruce_planks":2,"minecraft:beef":3,"minecraft:iron_ingot":11,"minecraft:stone_pickaxe":1,"minecraft:spruce_slab":4,"minecraft:poppy":2,"minecraft:sugar_cane":3,"minecraft:oak_planks":2,"minecraft:stick":3,"minecraft:raw_iron":47,"minecraft:smooth_basalt":15,"minecraft:gravel":20,"minecraft:porkchop":1,"minecraft:stripped_spruce_log":1,"minecraft:golden_chestplate":2,"minecraft:mossy_cobblestone":3,"minecraft:diorite":1,"minecraft:spruce_log":7,"minecraft:redstone":8,"minecraft:arrow":2,"minecraft:iron_hoe":1,"minecraft:rotten_flesh":13,"minecraft:cooked_cod":2,"minecraft:diamond":19,"minecraft:stone_axe":1,"minecraft:bread":2,"minecraft:coal":10,"minecraft:rail":1,"minecraft:cobblestone":30},"minecraft:crafted":{"minecraft:cooked_beef":1,"minecraft:wooden_sword":1,"minecraft:oak_planks":24,"minecraft:crafting_table":2,"minecraft:spruce_planks":32,"minecraft:iron_helmet":1,"minecraft:wooden_pickaxe":1,"minecraft:bucket":1,"minecraft:stone_axe":1,"minecraft:air":0,"minecraft:iron_boots":1,"minecraft:shield":1,"minecraft:iron_axe":1,"minecraft:iron_hoe":1,"minecraft:stick":16,"minecraft:iron_ingot":35,"minecraft:iron_pickaxe":1,"minecraft:stone_pickaxe":1,"minecraft:wooden_axe":1,"minecraft:iron_leggings":1,"minecraft:gold_ingot":18},"minecraft:dropped":{"minecraft:iron_ingot":5,"minecraft:golden_chestplate":3,"minecraft:cobbled_deepslate":4,"minecraft:mossy_cobblestone":3,"minecraft:diamond":3,"minecraft:raw_iron":23,"minecraft:cobblestone":2,"minecraft:iron_hoe":2,"minecraft:music_disc_13":1,"minecraft:filled_map":1,"minecraft:poppy":2,"minecraft:diorite":1,"minecraft:golden_hoe":1,"minecraft:raw_gold":2,"minecraft:redstone":4,"minecraft:smooth_basalt":3},"minecraft:mined":{"minecraft:spruce_planks":3,"minecraft:mossy_cobblestone":1,"minecraft:deepslate_diamond_ore":16,"minecraft:crafting_table":4,"minecraft:cobblestone":4,"minecraft:oak_planks":2,"minecraft:sugar_cane":1,"minecraft:redstone_ore":1,"minecraft:cobbled_deepslate":3,"minecraft:iron_ore":19,"minecraft:fire":5,"minecraft:spruce_log":7,"minecraft:enchanting_table":2,"minecraft:deepslate_lapis_ore":5,"minecraft:stone_brick_stairs":1,"minecraft:gold_block":2,"minecraft:coal_ore":10,"minecraft:oak_log":6,"minecraft:deepslate_iron_ore":27,"minecraft:stone":16,"minecraft:gold_ore":2,"minecraft:oak_leaves":1,"minecraft:deepslate":11},"minecraft:killed_by":{"minecraft:player":2}},"DataVersion":3700}