{"stats":{"minecraft:picked_up":{"minecraft:spruce_log":64,"dedsafioitems:dedita_azul":2,"dedsafioitems:dedita_verde":1,"dedsafioitems:dedita_naranja":3,"dedsafioitems:dedita_celeste":2},"minecraft:dropped":{"dedsafioitems:espacial_helmet":1,"dedsafioitems:infernal_boots":1,"dedsafioitems:dedita_multicolor":2,"minecraft:diamond_chestplate":1,"dedsafioitems:dimensional_boots":1,"dedsafioitems:dedita_naranja":4,"dedsafioitems:dimensional_helmet":1,"dedsafioitems:dedita_celeste":3,"dedsafioitems:dedita_verde":3,"dedsafioitems:infernal_chestplate":1,"dedsafioitems:cuchara_de_la_resureccion":1,"minecraft:diamond_leggings":1,"minecraft:diamond_helmet":1,"dedsafioitems:infernal_leggings":1,"minecraft:spruce_log":64,"minecraft:diamond_boots":1,"dedsafioitems:dedita_rosada":2,"dedsafioitems:dedita_amarilla":2,"dedsafioitems:dimensional_chestplate":1,"dedsafioitems:dedita_azul":3,"dedsafioitems:dimensional_leggings":1,"dedsafioitems:dedita_morada":1,"dedsafioitems:espacial_leggings":1,"dedsafioitems:infernal_helmet":1,"dedsafioitems:espacial_chestplate":1,"dedsafioitems:espacial_boots":1,"dedsafioitems:dedita_roja":2},"minecraft:used":{"dedsafioitems:infernal_leggings":1,"dedsafioitems:infernal_chestplate":1,"minecraft:diamond_boots":1,"minecraft:grass_block":12,"dedsafioitems:espacial_chestplate":1,"dedsafioitems:espacial_helmet":1,"minecraft:diamond_chestplate":1,"dedsafioitems:infernal_helmet":1,"dedsafioitems:espacial_leggings":1,"dedsafioitems:espacial_boots":1,"minecraft:diamond_helmet":1,"minecraft:cooked_beef":1,"minecraft:diamond_leggings":1,"dedsafioitems:infernal_boots":1},"minecraft:custom":{"minecraft:time_since_rest":69327,"minecraft:sprint_one_cm":35790,"minecraft:damage_taken":10,"minecraft:walk_one_cm":43390,"minecraft:drop":40,"minecraft:fly_one_cm":49872,"minecraft:crouch_one_cm":1627,"minecraft:play_time":69327,"minecraft:sneak_time":650,"minecraft:jump":431,"minecraft:time_since_death":69327,"minecraft:total_world_time":69327,"minecraft:fall_one_cm":1463}},"DataVersion":3337}