{"stats":{"minecraft:picked_up":{"minecraft:spruce_log":64,"dedsafioitems:dedita_azul":2,"dedsafioitems:dedita_verde":1,"minecraft:rotten_flesh":2,"minecraft:apple":16,"dedsafioitems:dedita_naranja":3,"minecraft:gold_ingot":64,"dedsafioitems:dedita_celeste":2,"minecraft:book":1},"minecraft:dropped":{"dedsafioitems:espacial_helmet":1,"dedsafioitems:infernal_boots":1,"dedsafioitems:dedita_multicolor":2,"minecraft:ink_sac":1,"minecraft:diamond_chestplate":2,"dedsafioitems:dimensional_boots":1,"dedsafioitems:dedita_naranja":4,"dedsafioitems:dimensional_helmet":1,"dedsafioitems:dedita_celeste":3,"dedsafioitems:dedita_verde":3,"dedsafioitems:infernal_chestplate":1,"dedsafioitems:cuchara_de_la_resureccion":1,"minecraft:diamond_leggings":2,"minecraft:diamond_helmet":2,"minecraft:feather":1,"dedsafioitems:infernal_leggings":1,"minecraft:rotten_flesh":2,"minecraft:book":2,"minecraft:spruce_log":64,"minecraft:diamond_boots":2,"dedsafioitems:dedita_rosada":2,"dedsafioitems:dedita_amarilla":2,"dedsafioitems:dimensional_chestplate":1,"dedsafioitems:dedita_azul":3,"dedsafioitems:dimensional_leggings":1,"dedsafioitems:dedita_morada":1,"dedsafioitems:espacial_leggings":1,"dedsafioitems:infernal_helmet":1,"dedsafioitems:espacial_chestplate":1,"dedsafioitems:espacial_boots":1,"dedsafioitems:dedita_roja":2},"minecraft:used":{"dedsafioitems:infernal_leggings":1,"dedsafioitems:infernal_chestplate":1,"minecraft:apple":2,"minecraft:diamond_boots":1,"minecraft:grass_block":12,"dedsafioitems:espacial_chestplate":1,"dedsafioitems:espacial_helmet":1,"minecraft:diamond_chestplate":1,"minecraft:golden_apple":7,"minecraft:crafting_table":1,"dedsafioitems:infernal_helmet":1,"dedsafioitems:espacial_leggings":1,"dedsafioitems:espacial_boots":1,"minecraft:diamond_helmet":1,"minecraft:cooked_beef":1,"minecraft:diamond_leggings":1,"dedsafioitems:infernal_boots":1},"minecraft:crafted":{"minecraft:golden_apple":13,"minecraft:writable_book":1},"minecraft:killed":{"minecraft:zombie":1},"minecraft:custom":{"minecraft:time_since_rest":105327,"minecraft:sprint_one_cm":60558,"minecraft:damage_absorbed":80,"minecraft:damage_taken":735,"minecraft:walk_one_cm":57651,"minecraft:mob_kills":1,"minecraft:drop":50,"minecraft:damage_dealt":49,"minecraft:interact_with_crafting_table":9,"minecraft:fly_one_cm":89280,"minecraft:crouch_one_cm":2899,"minecraft:play_time":105327,"minecraft:sneak_time":1130,"minecraft:jump":741,"minecraft:time_since_death":105327,"minecraft:climb_one_cm":170,"minecraft:total_world_time":105327,"minecraft:fall_one_cm":15482}},"DataVersion":3337}