{"stats":{"minecraft:picked_up":{"minecraft:sweet_berries":3,"minecraft:spruce_log":64,"dedsafioitems:dedita_azul":2,"dedsafioitems:dedita_verde":1,"minecraft:rotten_flesh":2,"minecraft:apple":16,"dedsafioitems:dedita_naranja":3,"minecraft:gold_ingot":64,"minecraft:totem_of_undying":1,"dedsafioitems:dedita_celeste":2,"minecraft:book":1},"minecraft:dropped":{"dedsafioitems:espacial_helmet":1,"dedsafioitems:infernal_boots":1,"dedsafioitems:dedita_multicolor":2,"minecraft:ink_sac":1,"minecraft:diamond_chestplate":2,"dedsafioitems:dimensional_boots":1,"dedsafioitems:dedita_naranja":4,"dedsafioitems:dimensional_helmet":1,"dedsafioitems:dedita_celeste":3,"dedsafioitems:dedita_verde":3,"dedsafioitems:infernal_chestplate":1,"dedsafioitems:cuchara_de_la_resureccion":1,"minecraft:diamond_leggings":2,"minecraft:diamond_helmet":2,"minecraft:feather":1,"dedsafioitems:infernal_leggings":1,"minecraft:rotten_flesh":2,"minecraft:book":2,"minecraft:spruce_log":64,"minecraft:diamond_boots":2,"dedsafioitems:dedita_rosada":2,"dedsafioitems:dedita_amarilla":2,"dedsafioitems:dimensional_chestplate":1,"dedsafioitems:dedita_azul":3,"minecraft:totem_of_undying":1,"dedsafioitems:dimensional_leggings":1,"dedsafioitems:dedita_morada":1,"dedsafioitems:espacial_leggings":1,"dedsafioitems:infernal_helmet":1,"dedsafioitems:espacial_chestplate":1,"dedsafioitems:espacial_boots":1,"dedsafioitems:dedita_roja":2},"minecraft:mined":{"minecraft:sweet_berry_bush":1},"minecraft:used":{"dedsafioitems:infernal_leggings":1,"dedsafioitems:infernal_chestplate":1,"minecraft:apple":24,"minecraft:diamond_boots":1,"minecraft:grass_block":12,"dedsafioitems:espacial_chestplate":1,"minecraft:totem_of_undying":16,"dedsafioitems:espacial_helmet":1,"minecraft:diamond_chestplate":1,"minecraft:golden_apple":13,"minecraft:crafting_table":2,"dedsafioitems:infernal_helmet":1,"dedsafioitems:espacial_leggings":1,"dedsafioitems:espacial_boots":1,"minecraft:diamond_helmet":1,"minecraft:cooked_beef":1,"minecraft:diamond_leggings":1,"dedsafioitems:infernal_boots":1},"minecraft:crafted":{"minecraft:golden_apple":42,"minecraft:writable_book":1},"minecraft:killed":{"minecraft:zombie":1},"minecraft:custom":{"minecraft:time_since_rest":141327,"minecraft:sprint_one_cm":101446,"minecraft:damage_absorbed":730,"minecraft:damage_taken":4545,"minecraft:walk_one_cm":75316,"minecraft:mob_kills":1,"minecraft:drop":51,"minecraft:damage_dealt":49,"minecraft:interact_with_crafting_table":23,"minecraft:fly_one_cm":142000,"minecraft:crouch_one_cm":7988,"minecraft:play_time":141327,"minecraft:sneak_time":2534,"minecraft:jump":1176,"minecraft:time_since_death":141327,"minecraft:climb_one_cm":4383,"minecraft:total_world_time":141327,"minecraft:fall_one_cm":76214}},"DataVersion":3337}