{"stats":{"minecraft:picked_up":{"minecraft:spruce_log":64,"dedsafioitems:dedita_azul":2,"dedsafioitems:dedita_verde":1,"dedsafioitems:dedita_naranja":3,"dedsafioitems:dedita_celeste":2,"minecraft:book":1},"minecraft:dropped":{"dedsafioitems:espacial_helmet":1,"dedsafioitems:infernal_boots":1,"dedsafioitems:dedita_multicolor":2,"minecraft:ink_sac":1,"minecraft:diamond_chestplate":2,"dedsafioitems:dimensional_boots":1,"dedsafioitems:dedita_naranja":4,"dedsafioitems:dimensional_helmet":1,"dedsafioitems:dedita_celeste":3,"dedsafioitems:dedita_verde":3,"dedsafioitems:infernal_chestplate":1,"dedsafioitems:cuchara_de_la_resureccion":1,"minecraft:diamond_leggings":2,"minecraft:diamond_helmet":2,"minecraft:feather":1,"dedsafioitems:infernal_leggings":1,"minecraft:book":2,"minecraft:spruce_log":64,"minecraft:diamond_boots":2,"dedsafioitems:dedita_rosada":2,"dedsafioitems:dedita_amarilla":2,"dedsafioitems:dimensional_chestplate":1,"dedsafioitems:dedita_azul":3,"dedsafioitems:dimensional_leggings":1,"dedsafioitems:dedita_morada":1,"dedsafioitems:espacial_leggings":1,"dedsafioitems:infernal_helmet":1,"dedsafioitems:espacial_chestplate":1,"dedsafioitems:espacial_boots":1,"dedsafioitems:dedita_roja":2},"minecraft:used":{"dedsafioitems:infernal_leggings":1,"dedsafioitems:infernal_chestplate":1,"minecraft:diamond_boots":1,"minecraft:grass_block":12,"dedsafioitems:espacial_chestplate":1,"dedsafioitems:espacial_helmet":1,"minecraft:diamond_chestplate":1,"minecraft:crafting_table":1,"dedsafioitems:infernal_helmet":1,"dedsafioitems:espacial_leggings":1,"dedsafioitems:espacial_boots":1,"minecraft:diamond_helmet":1,"minecraft:cooked_beef":1,"minecraft:diamond_leggings":1,"dedsafioitems:infernal_boots":1},"minecraft:crafted":{"minecraft:writable_book":1},"minecraft:custom":{"minecraft:time_since_rest":81327,"minecraft:sprint_one_cm":45083,"minecraft:damage_taken":30,"minecraft:walk_one_cm":49103,"minecraft:drop":48,"minecraft:interact_with_crafting_table":1,"minecraft:fly_one_cm":64532,"minecraft:crouch_one_cm":1664,"minecraft:play_time":81327,"minecraft:sneak_time":798,"minecraft:jump":534,"minecraft:time_since_death":81327,"minecraft:total_world_time":81327,"minecraft:fall_one_cm":1947}},"DataVersion":3337}