{"stats":{"minecraft:picked_up":{"dedsafioitems:dedita_verde":1,"dedsafioitems:dedita_naranja":3,"dedsafioitems:dedita_celeste":2,"dedsafioitems:dedita_azul":2},"minecraft:dropped":{"dedsafioitems:espacial_helmet":1,"dedsafioitems:infernal_leggings":1,"dedsafioitems:dedita_multicolor":2,"dedsafioitems:dedita_rosada":2,"dedsafioitems:infernal_boots":1,"dedsafioitems:dedita_amarilla":2,"dedsafioitems:dimensional_chestplate":1,"dedsafioitems:dedita_azul":3,"dedsafioitems:dimensional_boots":1,"dedsafioitems:dedita_naranja":4,"dedsafioitems:dedita_celeste":3,"dedsafioitems:dedita_morada":1,"dedsafioitems:dimensional_leggings":1,"dedsafioitems:dimensional_helmet":1,"dedsafioitems:espacial_leggings":1,"dedsafioitems:dedita_verde":2,"dedsafioitems:infernal_helmet":1,"dedsafioitems:infernal_chestplate":1,"dedsafioitems:cuchara_de_la_resureccion":1,"dedsafioitems:espacial_chestplate":1,"dedsafioitems:dedita_roja":2,"dedsafioitems:espacial_boots":1},"minecraft:used":{"dedsafioitems:infernal_leggings":1,"dedsafioitems:espacial_helmet":1,"dedsafioitems:infernal_chestplate":1,"dedsafioitems:infernal_helmet":1,"dedsafioitems:espacial_leggings":1,"dedsafioitems:espacial_boots":1,"minecraft:cooked_beef":1,"dedsafioitems:espacial_chestplate":1,"dedsafioitems:infernal_boots":1},"minecraft:custom":{"minecraft:time_since_rest":33327,"minecraft:crouch_one_cm":588,"minecraft:play_time":33327,"minecraft:sprint_one_cm":20039,"minecraft:damage_taken":10,"minecraft:walk_one_cm":28463,"minecraft:sneak_time":274,"minecraft:drop":34,"minecraft:jump":256,"minecraft:time_since_death":33327,"minecraft:total_world_time":33327,"minecraft:fall_one_cm":1463,"minecraft:fly_one_cm":24292}},"DataVersion":3337}