{"stats":{"minecraft:dropped":{"dedsafioitems:espacial_helmet":1,"dedsafioitems:infernal_leggings":1,"dedsafioitems:infernal_boots":1,"dedsafioitems:espacial_leggings":1,"dedsafioitems:infernal_helmet":1,"dedsafioitems:infernal_chestplate":1,"dedsafioitems:espacial_chestplate":1,"dedsafioitems:espacial_boots":1},"minecraft:used":{"dedsafioitems:infernal_leggings":1,"dedsafioitems:espacial_helmet":1,"dedsafioitems:infernal_chestplate":1,"dedsafioitems:infernal_helmet":1,"dedsafioitems:espacial_leggings":1,"dedsafioitems:espacial_boots":1,"minecraft:cooked_beef":1,"dedsafioitems:espacial_chestplate":1,"dedsafioitems:infernal_boots":1},"minecraft:custom":{"minecraft:time_since_rest":21327,"minecraft:crouch_one_cm":271,"minecraft:play_time":21327,"minecraft:sprint_one_cm":11332,"minecraft:damage_taken":10,"minecraft:walk_one_cm":10543,"minecraft:sneak_time":187,"minecraft:drop":8,"minecraft:jump":85,"minecraft:time_since_death":21327,"minecraft:total_world_time":21327,"minecraft:fall_one_cm":1463,"minecraft:fly_one_cm":9459}},"DataVersion":3337}