{"stats":{"minecraft:mined":{"byg:rainbow_eucalyptus_planks":58,"minecraft:diamond_ore":13,"create:natural_scoria":7,"minecraft:granite":13,"minecraft:grass_block":8,"farmersdelight:tomatoes":4,"byg:baobab_planks":5,"byg:rainbow_eucalyptus_slab":8,"minecraft:composter":7,"minecraft:hay_block":43,"minecraft:tall_seagrass":1,"minecraft:redstone_ore":9,"minecraft:furnace":3,"minecraft:carrots":1,"minecraft:iron_ore":32,"byg:prairie_grass":4,"minecraft:andesite":16,"minecraft:fletching_table":5,"minecraft:bell":1,"byg:rocky_stone":5,"dtbyg:rainbow_eucalyptus_leaves":1,"minecraft:stone":206,"byg:tall_prairie_grass":2,"minecraft:green_bed":2,"minecraft:kelp_plant":1,"minecraft:melon_stem":1,"minecraft:dandelion":1,"minecraft:crafting_table":8,"minecraft:blast_furnace":1,"minecraft:melon":2,"minecraft:rose_bush":1,"minecraft:dead_bush":27,"farmersdelight:cabbages":3,"minecraft:tall_grass":1,"minecraft:cobblestone":4,"minecraft:cyan_bed":1,"minecraft:oak_planks":1,"minecraft:diorite":8,"minecraft:wall_torch":4,"minecraft:seagrass":2,"minecraft:cactus":2,"minecraft:lime_bed":6,"byg:scoria_stone":7,"minecraft:wheat":47,"byg:short_grass":4,"create:weathered_limestone":7,"minecraft:grass":29,"minecraft:coal_ore":30,"create:gabbro":27,"minecraft:beetroots":11,"minecraft:gravel":6,"croptopia:saguaro_crop":1,"minecraft:dirt":6,"minecraft:sand":149,"minecraft:gold_ore":14,"byg:rainbow_eucalyptus_trapdoor":2},"minecraft:picked_up":{"minecraft:wooden_axe":1,"byg:mahogany_log":4,"minecraft:crafting_table":8,"minecraft:wheat":13,"minecraft:chainmail_boots":34,"byg:rainbow_eucalyptus_planks":98,"minecraft:wooden_pickaxe":2,"alexsmobs:roadrunner_feather":1,"byg:rainbow_eucalyptus_boat":9,"minecraft:shield":21,"croptopia:saguaro_seed":1,"minecraft:string":5,"byg:rainbow_eucalyptus_slab":8,"byg:baobab_log":713,"minecraft:beetroot":6,"dynamictrees:dark_oak_seed":6,"minecraft:beef":2,"byg:mahogany_planks":1,"minecraft:rose_bush":1,"dynamictrees:oak_seed":34,"minecraft:poppy":1,"minecraft:melon_slice":10,"minecraft:sugar_cane":5,"farmersdelight:cabbage_seeds":3,"minecraft:furnace":3,"minecraft:stick":194,"minecraft:composter":10,"minecraft:torch":3,"minecraft:green_bed":2,"minecraft:porkchop":3,"farmersdelight:tomato_seeds":11,"minecraft:cookie":16,"minecraft:diorite":8,"minecraft:carrot":2,"minecraft:redstone":41,"croptopia:strawberry":1,"minecraft:arrow":13,"minecraft:cactus":7,"minecraft:rotten_flesh":15,"minecraft:pumpkin_pie":40,"croptopia:strawberry_seed":2,"minecraft:beetroot_seeds":22,"create:scoria":7,"minecraft:hay_block":47,"byg:rocky_stone":5,"minecraft:cobblestone":216,"minecraft:lime_bed":4,"minecraft:andesite":16,"minecraft:leather":5,"create:weathered_limestone_cobblestone":7,"minecraft:flint":1,"minecraft:oak_log":214,"create:gabbro_cobblestone":31,"minecraft:gunpowder":2,"minecraft:dirt":59,"byg:baobab_planks":4,"minecraft:bone":10,"byg:scoria_cobblestone":8,"minecraft:kelp":2,"minecraft:bow":1,"minecraft:wheat_seeds":105,"minecraft:bell":1,"minecraft:iron_ingot":4,"minecraft:iron_ore":44,"minecraft:fletching_table":6,"minecraft:stone_hoe":3,"dtbyg:baobab_seed":9,"minecraft:oak_planks":1,"byg:rainbow_eucalyptus_trapdoor":2,"minecraft:dandelion":2,"minecraft:gravel":6,"dtbyg:mahogany_seed":1,"minecraft:sand":176,"dynamictrees:acacia_seed":4,"minecraft:blast_furnace":1,"minecraft:cyan_bed":1,"minecraft:gold_ore":14,"minecraft:spider_eye":2,"minecraft:diamond_shovel":1,"croptopia:saguaro":1,"minecraft:diamond":12,"minecraft:stone_axe":7,"minecraft:granite":13,"minecraft:bread":55,"tombstone:magic_scroll":1,"minecraft:melon_seeds":4,"minecraft:coal":54,"minecraft:ender_pearl":1},"minecraft:killed":{"alexsmobs:tarantula_hawk":1,"minecraft:spider":10,"minecraft:skeleton":10,"minecraft:husk":4,"minecraft:pig":1,"minecraft:iron_golem":1,"minecraft:creeper":2,"minecraft:zombie":6,"minecraft:enderman":1,"minecraft:cow":2},"minecraft:crafted":{"minecraft:oak_planks":944,"minecraft:furnace":3,"byg:baobab_planks":2956,"minecraft:bone_meal":9,"minecraft:stone_pickaxe":1,"minecraft:chest":3,"byg:mahogany_planks":8,"sophisticatedbackpacks:iron_backpack":1,"minecraft:wheat":333,"minecraft:coal_block":4,"minecraft:emerald":86,"sophisticatedbackpacks:backpack":1,"minecraft:cooked_porkchop":3,"minecraft:crafting_table":3,"minecraft:wooden_pickaxe":1,"minecraft:bucket":1,"byg:rainbow_eucalyptus_slab":66,"minecraft:stone_axe":3,"minecraft:bread":143,"minecraft:air":0,"minecraft:shield":1,"minecraft:stick":5772,"minecraft:iron_ingot":14,"minecraft:iron_pickaxe":2,"minecraft:torch":8,"minecraft:diamond_chestplate":1},"minecraft:custom":{"minecraft:mob_kills":41,"minecraft:interact_with_crafting_table":31,"minecraft:leave_game":8,"minecraft:time_since_death":111117,"minecraft:climb_one_cm":331,"minecraft:sprint_one_cm":495900,"minecraft:walk_one_cm":411719,"minecraft:damage_blocked_by_shield":460,"minecraft:drop":134,"minecraft:talked_to_villager":265,"minecraft:deaths":3,"minecraft:sneak_time":8389,"minecraft:walk_under_water_one_cm":6752,"minecraft:boat_one_cm":90907,"minecraft:jump":3214,"minecraft:walk_on_water_one_cm":12332,"minecraft:interact_with_furnace":40,"minecraft:traded_with_villager":92,"minecraft:play_one_minute":158077,"minecraft:sleep_in_bed":13,"minecraft:time_since_rest":42632,"minecraft:damage_taken":2155,"minecraft:damage_dealt":7930,"minecraft:player_kills":1,"minecraft:swim_one_cm":27768,"minecraft:fly_one_cm":698757,"minecraft:open_chest":164,"minecraft:crouch_one_cm":21495,"tombstone:undead_killed":20,"minecraft:fall_one_cm":71262},"minecraft:dropped":{"farmersdelight:tomato_seeds":11,"minecraft:stone_hoe":2,"minecraft:bread":1,"minecraft:wheat_seeds":63,"minecraft:cobblestone":4,"minecraft:saddle":1,"minecraft:coal":1,"minecraft:stick":66,"minecraft:dirt":18,"tombstone:magic_scroll":1,"byg:mahogany_log":2,"minecraft:dead_bush":1,"minecraft:sand":52,"minecraft:cactus":5,"minecraft:string":1,"byg:scoria_cobblestone":1,"byg:rainbow_eucalyptus_slab":1,"minecraft:furnace":1,"minecraft:stone_axe":6,"minecraft:sugar_cane":5,"farmersdelight:cabbage_seeds":3,"minecraft:rotten_flesh":4,"croptopia:saguaro_seed":1,"minecraft:carrot":1,"minecraft:poppy":1,"minecraft:hay_block":10,"minecraft:shield":21,"minecraft:beetroot_seeds":22,"minecraft:melon_seeds":4,"minecraft:chainmail_boots":34,"minecraft:spider_eye":2,"minecraft:arrow":1,"minecraft:beef":1,"minecraft:wooden_pickaxe":3,"minecraft:bell":1},"minecraft:broken":{"minecraft:stone_axe":2,"minecraft:iron_pickaxe":1},"minecraft:used":{"byg:baobab_planks":5,"minecraft:chest":2,"minecraft:shield":20,"minecraft:stone_hoe":56,"minecraft:torch":8,"minecraft:dirt":25,"minecraft:carrot":1,"byg:rainbow_eucalyptus_trapdoor":2,"byg:rainbow_eucalyptus_planks":1,"carryon:tile_item":1,"minecraft:beef":1,"minecraft:furnace":3,"tombstone:gift":1,"minecraft:wheat_seeds":19,"minecraft:water_bucket":10,"croptopia:saguaro":1,"minecraft:stone_pickaxe":85,"minecraft:oak_planks":18,"minecraft:wooden_pickaxe":28,"minecraft:composter":8,"byg:rainbow_eucalyptus_slab":67,"minecraft:diamond_axe":9,"minecraft:green_bed":2,"minecraft:fletching_table":6,"minecraft:sand":104,"minecraft:lime_bed":4,"minecraft:crafting_table":7,"minecraft:blast_furnace":1,"minecraft:diamond_shovel":134,"minecraft:bread":36,"minecraft:cyan_bed":1,"minecraft:iron_pickaxe":310,"minecraft:gravel":5,"byg:rainbow_eucalyptus_boat":8,"minecraft:stone_axe":345,"minecraft:cobblestone":24,"minecraft:cooked_porkchop":3,"minecraft:bucket":11,"minecraft:pumpkin_pie":1,"alexsmobs:animal_dictionary":1,"minecraft:dandelion":2},"minecraft:killed_by":{"minecraft:player":2,"minecraft:skeleton":1}},"DataVersion":2586}