{"stats":{"minecraft:used":{"minecraft:cooked_mutton":2,"minecraft:wooden_axe":6,"minecraft:stone_pickaxe":30,"minecraft:wooden_pickaxe":28,"minecraft:stone_axe":19,"minecraft:cobblestone":1,"minecraft:crafting_table":5,"minecraft:furnace":1,"minecraft:white_bed":1},"minecraft:killed":{"minecraft:sheep":6,"minecraft:cow":1},"minecraft:custom":{"minecraft:time_since_rest":2347,"minecraft:interact_with_furnace":12,"minecraft:sprint_one_cm":52848,"minecraft:damage_taken":90,"minecraft:walk_one_cm":19671,"minecraft:mob_kills":7,"minecraft:drop":10,"minecraft:damage_dealt":804,"minecraft:swim_one_cm":1460,"minecraft:interact_with_crafting_table":7,"minecraft:fly_one_cm":89854,"minecraft:player_kills":1,"minecraft:open_chest":1,"minecraft:crouch_one_cm":3077,"minecraft:play_time":13200,"minecraft:sneak_time":1548,"minecraft:walk_under_water_one_cm":256,"minecraft:jump":372,"minecraft:walk_on_water_one_cm":226,"minecraft:time_since_death":13200,"minecraft:sleep_in_bed":1,"minecraft:total_world_time":13200,"minecraft:fall_one_cm":9588},"minecraft:picked_up":{"minecraft:wooden_axe":1,"minecraft:stick":3,"minecraft:crafting_table":5,"minecraft:leather":1,"minecraft:gravel":7,"minecraft:flint":2,"minecraft:oak_log":10,"minecraft:white_bed":1,"minecraft:stone_axe":1,"minecraft:beef":2,"minecraft:stone_pickaxe":1,"minecraft:sugar_cane":1,"minecraft:black_wool":1,"minecraft:mutton":9,"minecraft:coal":25,"minecraft:white_wool":5,"minecraft:cobblestone":27,"minecraft:furnace":1},"minecraft:crafted":{"minecraft:cooked_beef":2,"minecraft:oak_planks":40,"minecraft:crafting_table":1,"minecraft:stick":8,"minecraft:wooden_pickaxe":1,"minecraft:stone_pickaxe":1,"minecraft:wooden_axe":1,"minecraft:furnace":1,"minecraft:white_bed":1,"minecraft:stone_axe":1,"minecraft:air":0,"minecraft:cooked_mutton":4},"minecraft:dropped":{"minecraft:gravel":7,"minecraft:stone_axe":1,"minecraft:wooden_axe":2,"minecraft:cobblestone":1,"minecraft:stone_pickaxe":1,"minecraft:wooden_pickaxe":1,"minecraft:cooked_mutton":2,"minecraft:stick":3},"minecraft:mined":{"minecraft:white_bed":1,"minecraft:furnace":1,"minecraft:dandelion":1,"minecraft:crafting_table":4,"minecraft:short_grass":1,"minecraft:coal_ore":21,"minecraft:oak_log":10,"minecraft:gravel":9,"minecraft:stone":27,"minecraft:large_fern":1,"minecraft:oak_leaves":2}},"DataVersion":3700}