{"stats":{"minecraft:killed":{"minecraft:skeleton":4,"minecraft:zombie":2},"minecraft:used":{"minecraft:water_bucket":2,"minecraft:stone_pickaxe":67,"minecraft:oak_sign":2,"minecraft:wooden_pickaxe":17,"minecraft:shield":13,"minecraft:rotten_flesh":2,"minecraft:iron_chestplate":1,"minecraft:dark_oak_trapdoor":1,"minecraft:dirt":6,"minecraft:crafting_table":3,"minecraft:iron_axe":14,"minecraft:oak_button":2,"minecraft:iron_pickaxe":29,"minecraft:iron_helmet":1,"minecraft:iron_boots":1,"minecraft:stone_axe":41,"minecraft:cobblestone":11,"minecraft:furnace":4,"minecraft:bucket":3,"minecraft:birch_log":2,"tombstone:gift":2,"alexsmobs:animal_dictionary":2,"minecraft:iron_leggings":1},"minecraft:mined":{"minecraft:smoker":1,"minecraft:crafting_table":3,"minecraft:grass_block":1,"minecraft:calcite":4,"minecraft:cobblestone":11,"minecraft:damaged_anvil":1,"minecraft:oak_wall_sign":2,"minecraft:diorite":4,"minecraft:furnace":2,"minecraft:dark_oak_trapdoor":4,"minecraft:birch_log":12,"minecraft:iron_ore":34,"minecraft:barrel":2,"minecraft:birch_leaves":2,"minecraft:grass":2,"biomesoplenty:clover":1,"minecraft:bookshelf":22,"minecraft:pointed_dripstone":1,"minecraft:coal_ore":11,"minecraft:deepslate_iron_ore":2,"minecraft:gravel":3,"minecraft:dripstone_block":3,"minecraft:dirt":7,"minecraft:stone":32},"minecraft:dropped":{"supplementaries:quiver":1},"minecraft:picked_up":{"minecraft:birch_log":10,"minecraft:crafting_table":3,"minecraft:smoker":1,"minecraft:flint":1,"minecraft:dirt":6,"minecraft:dark_oak_trapdoor":4,"minecraft:bone":5,"minecraft:oak_sign":2,"minecraft:stone_pickaxe":1,"minecraft:iron_ingot":1,"minecraft:calcite":4,"minecraft:furnace":3,"minecraft:book":66,"minecraft:raw_iron":35,"minecraft:gravel":2,"minecraft:dripstone_block":3,"minecraft:pointed_dripstone":5,"minecraft:diorite":4,"minecraft:barrel":2,"minecraft:arrow":2,"minecraft:rotten_flesh":2,"minecraft:oak_button":2,"supplementaries:quiver":2,"minecraft:damaged_anvil":1,"minecraft:coal":18,"minecraft:cobblestone":39},"minecraft:crafted":{"minecraft:crafting_table":1,"minecraft:wooden_pickaxe":1,"minecraft:iron_helmet":1,"minecraft:iron_sword":1,"minecraft:furnace":2,"minecraft:bucket":1,"minecraft:birch_planks":24,"minecraft:stone_axe":1,"minecraft:air":0,"minecraft:iron_boots":1,"minecraft:iron_chestplate":1,"minecraft:shield":1,"minecraft:iron_axe":1,"minecraft:stick":12,"minecraft:iron_ingot":35,"minecraft:iron_pickaxe":1,"minecraft:stone_pickaxe":1,"minecraft:iron_leggings":1,"minecraft:torch":4},"minecraft:custom":{"minecraft:interact_with_furnace":50,"minecraft:mob_kills":6,"minecraft:interact_with_crafting_table":14,"minecraft:open_barrel":1,"minecraft:leave_game":2,"minecraft:time_since_death":1289,"minecraft:climb_one_cm":376,"minecraft:time_since_rest":1315,"minecraft:sprint_one_cm":107360,"minecraft:damage_taken":1045,"minecraft:walk_one_cm":46394,"minecraft:damage_blocked_by_shield":465,"minecraft:drop":1,"minecraft:damage_dealt":1008,"minecraft:swim_one_cm":7736,"minecraft:fly_one_cm":110732,"minecraft:crouch_one_cm":12802,"minecraft:play_time":39049,"tombstone:undead_killed":6,"minecraft:deaths":4,"minecraft:sneak_time":4882,"minecraft:walk_under_water_one_cm":4787,"minecraft:jump":608,"minecraft:walk_on_water_one_cm":7055,"minecraft:total_world_time":39049,"minecraft:fall_one_cm":14103},"minecraft:killed_by":{"minecraft:skeleton":1,"minecraft:zombie":1,"minecraft:enderman":1}},"DataVersion":2975}