{"stats":{"minecraft:killed_by":{"minecraft:skeleton":1,"minecraft:zombie":1,"minecraft:enderman":1},"minecraft:mined":{"minecraft:smoker":1,"minecraft:crafting_table":2,"minecraft:grass_block":1,"minecraft:cobblestone":11,"minecraft:damaged_anvil":1,"minecraft:oak_wall_sign":2,"minecraft:diorite":4,"minecraft:furnace":2,"minecraft:dark_oak_trapdoor":4,"minecraft:birch_log":10,"minecraft:iron_ore":28,"minecraft:barrel":2,"minecraft:birch_leaves":2,"minecraft:grass":2,"biomesoplenty:clover":1,"minecraft:bookshelf":22,"minecraft:pointed_dripstone":1,"minecraft:coal_ore":11,"minecraft:deepslate_iron_ore":2,"minecraft:gravel":3,"minecraft:dripstone_block":3,"minecraft:dirt":7,"minecraft:stone":32},"minecraft:used":{"minecraft:stone_pickaxe":67,"minecraft:oak_sign":2,"minecraft:wooden_pickaxe":17,"minecraft:shield":13,"minecraft:rotten_flesh":2,"minecraft:dark_oak_trapdoor":1,"minecraft:dirt":6,"minecraft:crafting_table":2,"minecraft:iron_axe":11,"minecraft:iron_pickaxe":19,"minecraft:stone_axe":41,"minecraft:cobblestone":11,"minecraft:furnace":4,"tombstone:gift":2,"alexsmobs:animal_dictionary":2},"minecraft:custom":{"minecraft:interact_with_furnace":27,"minecraft:mob_kills":6,"minecraft:interact_with_crafting_table":7,"minecraft:open_barrel":1,"minecraft:leave_game":2,"minecraft:time_since_death":3881,"minecraft:climb_one_cm":376,"minecraft:time_since_rest":3904,"minecraft:sprint_one_cm":80388,"minecraft:damage_taken":905,"minecraft:walk_one_cm":38379,"minecraft:damage_blocked_by_shield":465,"minecraft:damage_dealt":1008,"minecraft:swim_one_cm":6085,"minecraft:fly_one_cm":86650,"minecraft:crouch_one_cm":12462,"minecraft:play_time":28096,"tombstone:undead_killed":6,"minecraft:deaths":3,"minecraft:sneak_time":4649,"minecraft:walk_under_water_one_cm":1773,"minecraft:jump":485,"minecraft:walk_on_water_one_cm":3676,"minecraft:total_world_time":28096,"minecraft:fall_one_cm":10589},"minecraft:picked_up":{"minecraft:birch_log":8,"minecraft:crafting_table":2,"minecraft:smoker":1,"minecraft:flint":1,"minecraft:dirt":6,"minecraft:dark_oak_trapdoor":4,"minecraft:bone":5,"minecraft:oak_sign":2,"minecraft:stone_pickaxe":1,"minecraft:furnace":2,"minecraft:book":66,"minecraft:raw_iron":30,"minecraft:dripstone_block":3,"minecraft:gravel":2,"minecraft:pointed_dripstone":5,"minecraft:diorite":4,"minecraft:barrel":2,"minecraft:arrow":2,"minecraft:rotten_flesh":2,"minecraft:oak_button":2,"supplementaries:quiver":1,"minecraft:damaged_anvil":1,"minecraft:coal":18,"minecraft:cobblestone":39},"minecraft:killed":{"minecraft:skeleton":4,"minecraft:zombie":2},"minecraft:crafted":{"minecraft:crafting_table":1,"minecraft:wooden_pickaxe":1,"minecraft:furnace":2,"minecraft:bucket":1,"minecraft:birch_planks":24,"minecraft:stone_axe":1,"minecraft:air":0,"minecraft:shield":1,"minecraft:iron_axe":1,"minecraft:stick":12,"minecraft:iron_ingot":17,"minecraft:iron_pickaxe":1,"minecraft:stone_pickaxe":1,"minecraft:torch":4}},"DataVersion":2975}