{"stats":{"minecraft:used":{"minecraft:spruce_slab":40,"minecraft:spruce_planks":78,"minecraft:chest":1,"minecraft:shield":5,"minecraft:bell":1,"minecraft:torch":17,"minecraft:dirt":15,"minecraft:carrot":1,"minecraft:tuff":6,"minecraft:iron_hoe":41,"minecraft:wooden_axe":6,"minecraft:lava_bucket":6,"minecraft:furnace":2,"minecraft:cooked_beef":2,"minecraft:potato":9,"minecraft:cobbled_deepslate":98,"minecraft:wheat_seeds":1,"minecraft:cooked_mutton":5,"minecraft:water_bucket":28,"minecraft:snow_block":1,"minecraft:stone_pickaxe":63,"minecraft:oak_planks":3,"minecraft:wooden_pickaxe":28,"minecraft:composter":3,"minecraft:blue_bed":2,"minecraft:sugar_cane":1,"minecraft:crafting_table":11,"minecraft:red_bed":2,"minecraft:white_bed":4,"minecraft:diamond_pickaxe":694,"minecraft:bread":11,"minecraft:iron_pickaxe":253,"minecraft:spruce_trapdoor":15,"minecraft:gravel":1,"minecraft:stone_axe":158,"minecraft:blue_carpet":2,"minecraft:diamond_sword":22,"minecraft:fishing_rod":21,"minecraft:cobblestone":1,"minecraft:bucket":34,"minecraft:diamond_leggings":1},"minecraft:killed":{"minecraft:spider":1,"minecraft:sheep":6,"minecraft:zombie":2,"minecraft:cow":1},"minecraft:custom":{"minecraft:mob_kills":10,"minecraft:interact_with_crafting_table":35,"minecraft:bell_ring":20,"minecraft:leave_game":1,"minecraft:time_since_death":121126,"minecraft:sprint_one_cm":311397,"minecraft:walk_one_cm":326593,"minecraft:damage_blocked_by_shield":237,"minecraft:drop":38,"minecraft:talked_to_villager":1,"minecraft:play_time":121126,"minecraft:sneak_time":20128,"minecraft:walk_under_water_one_cm":12457,"minecraft:jump":1578,"minecraft:walk_on_water_one_cm":24182,"minecraft:total_world_time":121126,"minecraft:interact_with_furnace":16,"minecraft:sleep_in_bed":3,"minecraft:time_since_rest":83325,"minecraft:damage_taken":691,"minecraft:damage_dealt":2232,"minecraft:swim_one_cm":11083,"minecraft:fly_one_cm":250286,"minecraft:player_kills":1,"minecraft:open_chest":18,"minecraft:crouch_one_cm":51444,"minecraft:fall_one_cm":29232},"minecraft:picked_up":{"minecraft:wooden_axe":1,"minecraft:iron_chestplate":1,"minecraft:crafting_table":8,"minecraft:smithing_table":1,"minecraft:diamond_sword":1,"minecraft:string":4,"minecraft:red_bed":2,"minecraft:iron_leggings":1,"minecraft:cobbled_deepslate":475,"minecraft:spruce_planks":20,"minecraft:beef":2,"minecraft:spruce_slab":2,"minecraft:sugar_cane":1,"minecraft:spruce_trapdoor":13,"minecraft:iron_boots":1,"minecraft:furnace":2,"minecraft:stick":4,"minecraft:raw_iron":9,"minecraft:composter":6,"minecraft:torch":13,"minecraft:carrot":1,"minecraft:golden_chestplate":3,"minecraft:blue_carpet":2,"minecraft:rotten_flesh":2,"minecraft:diamond_boots":1,"minecraft:mutton":9,"minecraft:rail":25,"minecraft:white_wool":5,"minecraft:cobblestone":27,"minecraft:leather":1,"minecraft:smoker":1,"minecraft:potato":12,"minecraft:flint":5,"minecraft:tuff":134,"minecraft:stripped_spruce_wood":28,"minecraft:oak_log":10,"minecraft:lapis_lazuli":14,"minecraft:dirt":37,"minecraft:blue_bed":2,"minecraft:wheat_seeds":7,"minecraft:raw_gold":22,"minecraft:bell":1,"minecraft:grindstone":2,"minecraft:stone_pickaxe":1,"minecraft:fletching_table":2,"minecraft:oak_planks":10,"minecraft:amethyst_shard":2,"minecraft:gravel":18,"minecraft:stripped_spruce_log":16,"minecraft:white_bed":3,"minecraft:spruce_door":1,"minecraft:mossy_cobblestone":1,"minecraft:iron_hoe":1,"minecraft:diamond":43,"minecraft:stone_axe":1,"minecraft:coal":41,"minecraft:black_wool":1},"minecraft:crafted":{"minecraft:oak_planks":40,"minecraft:furnace":2,"minecraft:cooked_mutton":9,"minecraft:diamond_helmet":1,"minecraft:diamond_leggings":1,"minecraft:spruce_slab":42,"minecraft:stone_pickaxe":1,"minecraft:chest":1,"minecraft:diamond_boots":1,"minecraft:cooked_beef":2,"minecraft:diamond_sword":1,"minecraft:crafting_table":4,"minecraft:spruce_planks":176,"minecraft:wooden_pickaxe":1,"minecraft:bucket":1,"minecraft:stone_axe":2,"minecraft:bread":5,"minecraft:air":0,"minecraft:spruce_trapdoor":2,"minecraft:diamond_pickaxe":1,"minecraft:golden_apple":2,"minecraft:shield":1,"minecraft:stick":16,"minecraft:wooden_axe":1,"minecraft:gold_ingot":14,"minecraft:white_bed":1,"minecraft:torch":4,"minecraft:diamond_chestplate":1},"minecraft:broken":{"minecraft:stone_axe":1,"minecraft:iron_pickaxe":1,"minecraft:fishing_rod":1},"minecraft:dropped":{"minecraft:diamond":2,"minecraft:cobblestone":1,"minecraft:stick":3,"minecraft:dirt":22,"minecraft:wooden_axe":2,"minecraft:string":4,"minecraft:gravel":11,"minecraft:stone_axe":1,"minecraft:golden_chestplate":3,"minecraft:cobbled_deepslate":69,"minecraft:rotten_flesh":2,"minecraft:cooked_mutton":4,"minecraft:diamond_sword":1,"minecraft:potato":1,"minecraft:iron_chestplate":1,"minecraft:diamond_boots":1,"minecraft:spruce_slab":4,"minecraft:stone_pickaxe":1,"minecraft:wooden_pickaxe":1},"minecraft:mined":{"minecraft:blue_carpet":2,"minecraft:tuff":110,"minecraft:spruce_planks":17,"minecraft:white_bed":3,"minecraft:farmland":16,"minecraft:mossy_cobblestone":1,"minecraft:deepslate_diamond_ore":38,"minecraft:sculk_vein":1,"minecraft:spruce_trapdoor":11,"minecraft:grass_block":2,"minecraft:composter":6,"minecraft:large_fern":1,"minecraft:furnace":2,"minecraft:carrots":1,"minecraft:iron_ore":3,"minecraft:fire":1,"minecraft:cobbled_deepslate":26,"minecraft:stripped_spruce_log":18,"minecraft:fletching_table":2,"minecraft:deepslate_lapis_ore":2,"minecraft:bell":1,"minecraft:potatoes":11,"minecraft:deepslate_iron_ore":8,"minecraft:rail":25,"minecraft:packed_ice":1,"minecraft:stone":27,"minecraft:spruce_slab":2,"minecraft:smithing_table":1,"minecraft:deepslate_redstone_ore":4,"minecraft:red_bed":2,"minecraft:smoker":1,"minecraft:dandelion":1,"minecraft:crafting_table":9,"minecraft:torch":1,"minecraft:short_grass":18,"minecraft:cobblestone":2,"minecraft:deepslate_gold_ore":20,"minecraft:grindstone":2,"minecraft:oak_planks":8,"minecraft:sculk":4,"minecraft:blue_bed":2,"minecraft:wall_torch":13,"minecraft:stripped_spruce_wood":28,"minecraft:wheat":7,"minecraft:blue_ice":1,"minecraft:coal_ore":21,"minecraft:oak_log":10,"minecraft:dirt":6,"minecraft:gravel":20,"minecraft:cobweb":2,"minecraft:oak_leaves":2,"minecraft:deepslate":701}},"DataVersion":3700}