{"stats":{"minecraft:used":{"minecraft:crafting_table":1},"minecraft:custom":{"minecraft:jump":26,"minecraft:time_since_rest":1200,"minecraft:crouch_one_cm":322,"minecraft:sprint_one_cm":2637,"minecraft:play_time":1200,"minecraft:time_since_death":1200,"minecraft:walk_one_cm":220,"minecraft:sneak_time":386,"minecraft:total_world_time":1200,"minecraft:interact_with_crafting_table":1,"minecraft:fall_one_cm":685,"minecraft:fly_one_cm":6221},"minecraft:picked_up":{"minecraft:oak_log":5},"minecraft:crafted":{"minecraft:crafting_table":1,"minecraft:oak_planks":20,"minecraft:stick":4},"minecraft:mined":{"minecraft:oak_log":5,"minecraft:oak_leaves":2}},"DataVersion":3700}