{"stats":{"minecraft:used":{"minecraft:cooked_mutton":2,"minecraft:wheat_seeds":1,"minecraft:water_bucket":4,"minecraft:snow_block":1,"minecraft:spruce_slab":40,"minecraft:stone_pickaxe":33,"minecraft:oak_planks":3,"minecraft:chest":1,"minecraft:spruce_planks":78,"minecraft:wooden_pickaxe":28,"minecraft:composter":3,"minecraft:sugar_cane":1,"minecraft:blue_bed":2,"minecraft:bell":1,"minecraft:dirt":3,"minecraft:crafting_table":6,"minecraft:red_bed":2,"minecraft:carrot":1,"minecraft:white_bed":4,"minecraft:iron_hoe":41,"minecraft:wooden_axe":6,"minecraft:bread":4,"minecraft:iron_pickaxe":6,"minecraft:spruce_trapdoor":15,"minecraft:gravel":1,"minecraft:stone_axe":156,"minecraft:blue_carpet":2,"minecraft:fishing_rod":21,"minecraft:cobblestone":1,"minecraft:furnace":1,"minecraft:bucket":5,"minecraft:cooked_beef":2,"minecraft:potato":9},"minecraft:killed":{"minecraft:sheep":6,"minecraft:cow":1},"minecraft:custom":{"minecraft:interact_with_furnace":12,"minecraft:mob_kills":7,"minecraft:interact_with_crafting_table":21,"minecraft:bell_ring":20,"minecraft:leave_game":1,"minecraft:time_since_death":49126,"minecraft:sleep_in_bed":3,"minecraft:time_since_rest":11325,"minecraft:sprint_one_cm":188051,"minecraft:damage_taken":253,"minecraft:walk_one_cm":121289,"minecraft:drop":15,"minecraft:damage_dealt":1020,"minecraft:player_kills":1,"minecraft:swim_one_cm":5735,"minecraft:talked_to_villager":1,"minecraft:fly_one_cm":212488,"minecraft:open_chest":17,"minecraft:play_time":49126,"minecraft:crouch_one_cm":14571,"minecraft:sneak_time":4712,"minecraft:walk_under_water_one_cm":2698,"minecraft:jump":918,"minecraft:walk_on_water_one_cm":7049,"minecraft:total_world_time":49126,"minecraft:fall_one_cm":23887},"minecraft:picked_up":{"minecraft:wooden_axe":1,"minecraft:crafting_table":5,"minecraft:leather":1,"minecraft:smithing_table":1,"minecraft:smoker":1,"minecraft:potato":12,"minecraft:flint":2,"minecraft:stripped_spruce_wood":28,"minecraft:oak_log":10,"minecraft:blue_bed":2,"minecraft:dirt":22,"minecraft:red_bed":2,"minecraft:wheat_seeds":7,"minecraft:bell":1,"minecraft:spruce_planks":20,"minecraft:grindstone":2,"minecraft:beef":2,"minecraft:stone_pickaxe":1,"minecraft:spruce_slab":2,"minecraft:fletching_table":2,"minecraft:sugar_cane":1,"minecraft:oak_planks":10,"minecraft:spruce_trapdoor":13,"minecraft:furnace":1,"minecraft:stick":3,"minecraft:raw_iron":1,"minecraft:composter":6,"minecraft:gravel":8,"minecraft:stripped_spruce_log":16,"minecraft:white_bed":3,"minecraft:carrot":1,"minecraft:spruce_door":1,"minecraft:blue_carpet":2,"minecraft:iron_hoe":1,"minecraft:stone_axe":1,"minecraft:mutton":9,"minecraft:black_wool":1,"minecraft:coal":25,"minecraft:white_wool":5,"minecraft:cobblestone":27},"minecraft:crafted":{"minecraft:cooked_beef":2,"minecraft:oak_planks":40,"minecraft:crafting_table":1,"minecraft:spruce_planks":176,"minecraft:wooden_pickaxe":1,"minecraft:furnace":1,"minecraft:bucket":1,"minecraft:stone_axe":2,"minecraft:air":0,"minecraft:cooked_mutton":4,"minecraft:spruce_trapdoor":2,"minecraft:shield":1,"minecraft:spruce_slab":42,"minecraft:stick":12,"minecraft:stone_pickaxe":1,"minecraft:wooden_axe":1,"minecraft:chest":1,"minecraft:white_bed":1},"minecraft:broken":{"minecraft:stone_axe":1,"minecraft:fishing_rod":1},"minecraft:dropped":{"minecraft:gravel":7,"minecraft:stone_axe":1,"minecraft:cobblestone":1,"minecraft:cooked_mutton":2,"minecraft:stick":3,"minecraft:dirt":4,"minecraft:potato":1,"minecraft:wooden_axe":2,"minecraft:wooden_pickaxe":1,"minecraft:stone_pickaxe":1},"minecraft:mined":{"minecraft:smithing_table":1,"minecraft:blue_carpet":2,"minecraft:spruce_planks":17,"minecraft:white_bed":3,"minecraft:farmland":16,"minecraft:red_bed":2,"minecraft:smoker":1,"minecraft:dandelion":1,"minecraft:spruce_trapdoor":11,"minecraft:crafting_table":6,"minecraft:short_grass":18,"minecraft:grass_block":2,"minecraft:grindstone":2,"minecraft:composter":6,"minecraft:oak_planks":8,"minecraft:blue_bed":2,"minecraft:large_fern":1,"minecraft:furnace":1,"minecraft:carrots":1,"minecraft:stripped_spruce_wood":28,"minecraft:iron_ore":3,"minecraft:blue_ice":1,"minecraft:wheat":7,"minecraft:stripped_spruce_log":18,"minecraft:fletching_table":2,"minecraft:bell":1,"minecraft:oak_log":10,"minecraft:potatoes":11,"minecraft:coal_ore":21,"minecraft:gravel":9,"minecraft:dirt":3,"minecraft:packed_ice":1,"minecraft:stone":27,"minecraft:oak_leaves":2,"minecraft:spruce_slab":2}},"DataVersion":3700}