{"stats":{"minecraft:used":{"minecraft:cooked_mutton":2,"minecraft:snow_block":1,"minecraft:stone_pickaxe":33,"minecraft:oak_planks":3,"minecraft:chest":1,"minecraft:wooden_pickaxe":28,"minecraft:crafting_table":6,"minecraft:white_bed":1,"minecraft:wooden_axe":6,"minecraft:iron_pickaxe":2,"minecraft:gravel":1,"minecraft:stone_axe":58,"minecraft:blue_carpet":2,"minecraft:fishing_rod":21,"minecraft:cobblestone":1,"minecraft:furnace":1,"minecraft:cooked_beef":2},"minecraft:killed":{"minecraft:sheep":6,"minecraft:cow":1},"minecraft:custom":{"minecraft:interact_with_furnace":12,"minecraft:mob_kills":7,"minecraft:interact_with_crafting_table":16,"minecraft:time_since_death":25200,"minecraft:sleep_in_bed":2,"minecraft:time_since_rest":850,"minecraft:sprint_one_cm":111227,"minecraft:damage_taken":155,"minecraft:walk_one_cm":44360,"minecraft:drop":13,"minecraft:damage_dealt":840,"minecraft:swim_one_cm":5056,"minecraft:fly_one_cm":158081,"minecraft:player_kills":1,"minecraft:open_chest":8,"minecraft:crouch_one_cm":4948,"minecraft:play_time":25200,"minecraft:sneak_time":2340,"minecraft:walk_under_water_one_cm":2516,"minecraft:jump":666,"minecraft:walk_on_water_one_cm":3311,"minecraft:total_world_time":25200,"minecraft:fall_one_cm":17727},"minecraft:picked_up":{"minecraft:wooden_axe":1,"minecraft:crafting_table":5,"minecraft:leather":1,"minecraft:smithing_table":1,"minecraft:smoker":1,"minecraft:flint":2,"minecraft:stripped_spruce_wood":5,"minecraft:oak_log":10,"minecraft:dirt":3,"minecraft:blue_bed":1,"minecraft:red_bed":1,"minecraft:bell":1,"minecraft:grindstone":2,"minecraft:beef":2,"minecraft:stone_pickaxe":1,"minecraft:fletching_table":2,"minecraft:sugar_cane":1,"minecraft:oak_planks":10,"minecraft:furnace":1,"minecraft:stick":3,"minecraft:composter":5,"minecraft:gravel":8,"minecraft:stripped_spruce_log":8,"minecraft:white_bed":2,"minecraft:blue_carpet":2,"minecraft:stone_axe":1,"minecraft:black_wool":1,"minecraft:mutton":9,"minecraft:coal":25,"minecraft:white_wool":5,"minecraft:cobblestone":27},"minecraft:crafted":{"minecraft:cooked_beef":2,"minecraft:oak_planks":40,"minecraft:crafting_table":1,"minecraft:wooden_pickaxe":1,"minecraft:furnace":1,"minecraft:stone_axe":1,"minecraft:cooked_mutton":4,"minecraft:air":0,"minecraft:shield":1,"minecraft:stick":8,"minecraft:stone_pickaxe":1,"minecraft:wooden_axe":1,"minecraft:chest":1,"minecraft:white_bed":1},"minecraft:broken":{"minecraft:fishing_rod":1},"minecraft:dropped":{"minecraft:gravel":7,"minecraft:stone_axe":1,"minecraft:cobblestone":1,"minecraft:cooked_mutton":2,"minecraft:stick":3,"minecraft:dirt":3,"minecraft:wooden_axe":2,"minecraft:stone_pickaxe":1,"minecraft:wooden_pickaxe":1},"minecraft:mined":{"minecraft:smithing_table":1,"minecraft:blue_carpet":2,"minecraft:white_bed":2,"minecraft:red_bed":1,"minecraft:smoker":1,"minecraft:dandelion":1,"minecraft:crafting_table":6,"minecraft:short_grass":15,"minecraft:grass_block":2,"minecraft:grindstone":2,"minecraft:oak_planks":8,"minecraft:composter":5,"minecraft:blue_bed":1,"minecraft:large_fern":1,"minecraft:furnace":1,"minecraft:stripped_spruce_wood":5,"minecraft:stripped_spruce_log":9,"minecraft:fletching_table":2,"minecraft:bell":1,"minecraft:oak_log":10,"minecraft:coal_ore":21,"minecraft:dirt":1,"minecraft:gravel":9,"minecraft:stone":27,"minecraft:oak_leaves":2}},"DataVersion":3700}