{"stats":{"minecraft:killed_by":{"minecraft:skeleton":1,"minecraft:enderman":1},"minecraft:used":{"minecraft:stone_pickaxe":9,"minecraft:oak_sign":2,"minecraft:wooden_pickaxe":17,"minecraft:stone_axe":39,"minecraft:dark_oak_trapdoor":1,"minecraft:dirt":2,"minecraft:crafting_table":1,"alexsmobs:animal_dictionary":2},"minecraft:mined":{"minecraft:dark_oak_trapdoor":4,"minecraft:birch_log":10,"minecraft:barrel":2,"minecraft:smoker":1,"minecraft:birch_leaves":2,"minecraft:crafting_table":1,"minecraft:grass":2,"biomesoplenty:clover":1,"minecraft:bookshelf":22,"minecraft:grass_block":1,"minecraft:dirt":2,"minecraft:stone":21,"minecraft:damaged_anvil":1,"minecraft:oak_wall_sign":2},"minecraft:custom":{"minecraft:time_since_rest":1085,"minecraft:sprint_one_cm":45233,"minecraft:damage_taken":570,"minecraft:walk_one_cm":27181,"minecraft:damage_dealt":173,"minecraft:swim_one_cm":862,"minecraft:interact_with_crafting_table":3,"minecraft:fly_one_cm":47490,"minecraft:open_barrel":1,"minecraft:crouch_one_cm":8690,"minecraft:play_time":15514,"minecraft:deaths":2,"minecraft:sneak_time":2199,"minecraft:walk_under_water_one_cm":237,"minecraft:jump":222,"minecraft:leave_game":1,"minecraft:time_since_death":1058,"minecraft:walk_on_water_one_cm":539,"minecraft:climb_one_cm":376,"minecraft:total_world_time":15514,"minecraft:fall_one_cm":4317},"minecraft:picked_up":{"minecraft:book":66,"minecraft:birch_log":8,"minecraft:crafting_table":1,"minecraft:smoker":1,"minecraft:dark_oak_trapdoor":4,"minecraft:barrel":2,"minecraft:dirt":2,"minecraft:oak_sign":2,"minecraft:stone_pickaxe":1,"minecraft:oak_button":2,"minecraft:damaged_anvil":1,"minecraft:cobblestone":15},"minecraft:crafted":{"minecraft:crafting_table":1,"minecraft:stick":8,"minecraft:wooden_pickaxe":1,"minecraft:stone_pickaxe":1,"minecraft:furnace":1,"minecraft:birch_planks":24,"minecraft:stone_axe":1}},"DataVersion":2975}