{"stats":{"minecraft:used":{"minecraft:cooked_mutton":3,"minecraft:wheat_seeds":1,"minecraft:water_bucket":5,"minecraft:snow_block":1,"minecraft:spruce_slab":40,"minecraft:stone_pickaxe":63,"minecraft:oak_planks":3,"minecraft:chest":1,"minecraft:spruce_planks":78,"minecraft:wooden_pickaxe":28,"minecraft:composter":3,"minecraft:sugar_cane":1,"minecraft:blue_bed":2,"minecraft:bell":1,"minecraft:torch":12,"minecraft:dirt":15,"minecraft:crafting_table":9,"minecraft:red_bed":2,"minecraft:carrot":1,"minecraft:white_bed":4,"minecraft:iron_hoe":41,"minecraft:wooden_axe":6,"minecraft:diamond_pickaxe":17,"minecraft:bread":6,"minecraft:iron_pickaxe":253,"minecraft:spruce_trapdoor":15,"minecraft:gravel":1,"minecraft:stone_axe":158,"minecraft:blue_carpet":2,"minecraft:fishing_rod":21,"minecraft:cobblestone":1,"minecraft:furnace":2,"minecraft:bucket":6,"minecraft:cobbled_deepslate":44,"minecraft:cooked_beef":2,"minecraft:potato":9,"minecraft:diamond_leggings":1},"minecraft:killed":{"minecraft:sheep":6,"minecraft:cow":1},"minecraft:custom":{"minecraft:interact_with_furnace":16,"minecraft:mob_kills":7,"minecraft:interact_with_crafting_table":30,"minecraft:bell_ring":20,"minecraft:leave_game":1,"minecraft:time_since_death":73126,"minecraft:sleep_in_bed":3,"minecraft:time_since_rest":35325,"minecraft:sprint_one_cm":212663,"minecraft:damage_taken":353,"minecraft:walk_one_cm":165351,"minecraft:drop":15,"minecraft:damage_dealt":1020,"minecraft:player_kills":1,"minecraft:swim_one_cm":6825,"minecraft:talked_to_villager":1,"minecraft:fly_one_cm":216287,"minecraft:open_chest":17,"minecraft:play_time":73126,"minecraft:crouch_one_cm":35751,"minecraft:sneak_time":13684,"minecraft:walk_under_water_one_cm":8425,"minecraft:jump":1141,"minecraft:walk_on_water_one_cm":12838,"minecraft:total_world_time":73126,"minecraft:fall_one_cm":25311},"minecraft:picked_up":{"minecraft:wooden_axe":1,"minecraft:crafting_table":7,"minecraft:leather":1,"minecraft:smithing_table":1,"minecraft:smoker":1,"minecraft:potato":12,"minecraft:flint":5,"minecraft:tuff":51,"minecraft:stripped_spruce_wood":28,"minecraft:oak_log":10,"minecraft:blue_bed":2,"minecraft:dirt":23,"minecraft:red_bed":2,"minecraft:raw_gold":14,"minecraft:wheat_seeds":7,"minecraft:cobbled_deepslate":186,"minecraft:bell":1,"minecraft:spruce_planks":20,"minecraft:grindstone":2,"minecraft:beef":2,"minecraft:stone_pickaxe":1,"minecraft:spruce_slab":2,"minecraft:fletching_table":2,"minecraft:sugar_cane":1,"minecraft:oak_planks":10,"minecraft:spruce_trapdoor":13,"minecraft:furnace":1,"minecraft:stick":3,"minecraft:raw_iron":1,"minecraft:composter":6,"minecraft:torch":10,"minecraft:gravel":11,"minecraft:stripped_spruce_log":16,"minecraft:white_bed":3,"minecraft:carrot":1,"minecraft:spruce_door":1,"minecraft:blue_carpet":2,"minecraft:iron_hoe":1,"minecraft:diamond":27,"minecraft:stone_axe":1,"minecraft:mutton":9,"minecraft:black_wool":1,"minecraft:coal":25,"minecraft:white_wool":5,"minecraft:cobblestone":27},"minecraft:crafted":{"minecraft:cooked_beef":2,"minecraft:oak_planks":40,"minecraft:diamond_sword":1,"minecraft:crafting_table":2,"minecraft:spruce_planks":176,"minecraft:wooden_pickaxe":1,"minecraft:furnace":2,"minecraft:bucket":1,"minecraft:stone_axe":2,"minecraft:air":0,"minecraft:cooked_mutton":9,"minecraft:spruce_trapdoor":2,"minecraft:diamond_helmet":1,"minecraft:diamond_leggings":1,"minecraft:diamond_pickaxe":1,"minecraft:shield":1,"minecraft:spruce_slab":42,"minecraft:stick":16,"minecraft:stone_pickaxe":1,"minecraft:wooden_axe":1,"minecraft:gold_ingot":14,"minecraft:chest":1,"minecraft:white_bed":1,"minecraft:torch":4,"minecraft:diamond_chestplate":1},"minecraft:broken":{"minecraft:stone_axe":1,"minecraft:iron_pickaxe":1,"minecraft:fishing_rod":1},"minecraft:dropped":{"minecraft:gravel":7,"minecraft:stone_axe":1,"minecraft:cobblestone":1,"minecraft:cooked_mutton":2,"minecraft:stick":3,"minecraft:dirt":4,"minecraft:potato":1,"minecraft:wooden_axe":2,"minecraft:wooden_pickaxe":1,"minecraft:stone_pickaxe":1},"minecraft:mined":{"minecraft:smithing_table":1,"minecraft:blue_carpet":2,"minecraft:tuff":51,"minecraft:spruce_planks":17,"minecraft:white_bed":3,"minecraft:farmland":16,"minecraft:red_bed":2,"minecraft:deepslate_diamond_ore":27,"minecraft:smoker":1,"minecraft:dandelion":1,"minecraft:torch":1,"minecraft:spruce_trapdoor":11,"minecraft:crafting_table":8,"minecraft:short_grass":18,"minecraft:grass_block":2,"minecraft:deepslate_gold_ore":14,"minecraft:grindstone":2,"minecraft:composter":6,"minecraft:oak_planks":8,"minecraft:sculk":3,"minecraft:wall_torch":9,"minecraft:blue_bed":2,"minecraft:large_fern":1,"minecraft:furnace":1,"minecraft:carrots":1,"minecraft:stripped_spruce_wood":28,"minecraft:iron_ore":3,"minecraft:blue_ice":1,"minecraft:wheat":7,"minecraft:stripped_spruce_log":18,"minecraft:fletching_table":2,"minecraft:bell":1,"minecraft:oak_log":10,"minecraft:potatoes":11,"minecraft:coal_ore":21,"minecraft:gravel":15,"minecraft:dirt":4,"minecraft:packed_ice":1,"minecraft:stone":27,"minecraft:deepslate":186,"minecraft:oak_leaves":2,"minecraft:spruce_slab":2}},"DataVersion":3700}