{"stats":{"minecraft:killed":{"minecraft:skeleton":5,"minecraft:zombie":3},"minecraft:used":{"minecraft:iron_shovel":92,"minecraft:oak_sign":2,"minecraft:shield":15,"minecraft:iron_sword":3,"minecraft:bell":2,"minecraft:rotten_flesh":3,"minecraft:iron_chestplate":1,"minecraft:torch":7,"minecraft:dirt":24,"minecraft:dark_oak_planks":76,"quark:deepslate_furnace":3,"minecraft:iron_axe":120,"carryon:entity_item":9,"minecraft:iron_helmet":1,"minecraft:dark_oak_slab":10,"minecraft:iron_boots":2,"minecraft:dark_oak_button":1,"minecraft:barrel":2,"minecraft:furnace":5,"tombstone:gift":4,"minecraft:egg":1,"minecraft:iron_leggings":1,"minecraft:wheat_seeds":11,"minecraft:water_bucket":21,"minecraft:damaged_anvil":1,"minecraft:stone_pickaxe":67,"minecraft:birch_boat":1,"minecraft:wooden_pickaxe":17,"minecraft:composter":3,"minecraft:fletching_table":5,"minecraft:dark_oak_trapdoor":7,"minecraft:blast_furnace":1,"minecraft:oak_slab":2,"minecraft:crafting_table":5,"minecraft:smoker":1,"minecraft:wooden_hoe":16,"minecraft:oak_button":2,"minecraft:iron_pickaxe":62,"minecraft:gravel":137,"minecraft:stone_axe":64,"minecraft:cobblestone":18,"minecraft:birch_log":2,"minecraft:bucket":21,"quark:oak_chest":4,"alexsmobs:animal_dictionary":3,"minecraft:dandelion":1},"minecraft:mined":{"minecraft:dark_oak_planks":20,"minecraft:farmland":2,"minecraft:dark_oak_log":69,"biomesoplenty:bush":1,"minecraft:grass_block":8,"minecraft:composter":1,"minecraft:oak_wall_sign":2,"minecraft:furnace":2,"minecraft:dark_oak_trapdoor":8,"minecraft:iron_ore":34,"minecraft:barrel":4,"minecraft:fletching_table":3,"minecraft:bell":2,"minecraft:bookshelf":22,"minecraft:pointed_dripstone":1,"minecraft:dirt_path":11,"minecraft:deepslate_iron_ore":2,"minecraft:stone":34,"quark:oak_chest":2,"minecraft:smoker":1,"minecraft:dandelion":14,"minecraft:crafting_table":4,"minecraft:torch":1,"minecraft:calcite":4,"minecraft:cobblestone":18,"minecraft:tall_grass":2,"minecraft:oak_planks":2,"minecraft:damaged_anvil":1,"minecraft:diorite":4,"minecraft:wall_torch":2,"minecraft:dark_oak_slab":6,"minecraft:birch_log":12,"minecraft:wheat":5,"minecraft:birch_leaves":3,"quark:deepslate_furnace":2,"minecraft:grass":9,"biomesoplenty:clover":1,"minecraft:coal_ore":13,"minecraft:oak_log":11,"minecraft:gravel":131,"minecraft:dripstone_block":3,"minecraft:dirt":8,"minecraft:oak_leaves":1},"minecraft:dropped":{"minecraft:wheat_seeds":7,"tombstone:grave_key":1,"minecraft:dark_oak_trapdoor":1,"tombstone:grave_dust":1,"minecraft:dandelion":6,"minecraft:cooked_mutton":1,"minecraft:poppy":2,"supplementaries:quiver":2,"minecraft:allium":1},"minecraft:picked_up":{"minecraft:crafting_table":4,"minecraft:allium":3,"minecraft:wheat":8,"minecraft:azure_bluet":2,"minecraft:dark_oak_trapdoor":8,"minecraft:oak_sign":2,"minecraft:calcite":12,"minecraft:poppy":2,"minecraft:furnace":3,"minecraft:iron_boots":1,"minecraft:egg":1,"minecraft:stick":22,"minecraft:raw_iron":35,"minecraft:composter":1,"minecraft:torch":4,"quark:blossom_log":49,"quark:deepslate_furnace":4,"minecraft:pointed_dripstone":15,"tombstone:grave_dust":9,"minecraft:diorite":8,"quark:blossom_planks":2,"minecraft:dark_oak_planks":21,"minecraft:arrow":8,"minecraft:rotten_flesh":3,"supplementaries:quiver":3,"minecraft:cobblestone":65,"minecraft:birch_log":12,"minecraft:smoker":2,"minecraft:flint":16,"minecraft:oak_log":10,"minecraft:dirt":29,"minecraft:cooked_mutton":1,"minecraft:bone":5,"minecraft:wheat_seeds":19,"minecraft:bell":2,"minecraft:iron_ingot":1,"minecraft:stone_pickaxe":1,"minecraft:fletching_table":3,"minecraft:iron_sword":1,"minecraft:oak_planks":4,"minecraft:book":152,"minecraft:dark_oak_slab":10,"minecraft:dandelion":19,"minecraft:dripstone_block":9,"minecraft:gravel":151,"quark:oak_chest":2,"minecraft:dark_oak_log":67,"minecraft:barrel":6,"minecraft:emerald":48,"minecraft:oak_button":2,"minecraft:damaged_anvil":1,"minecraft:coal":20},"minecraft:custom":{"minecraft:mob_kills":8,"minecraft:interact_with_anvil":2,"minecraft:interact_with_crafting_table":37,"minecraft:open_barrel":12,"minecraft:leave_game":3,"minecraft:time_since_death":20473,"minecraft:climb_one_cm":376,"minecraft:sprint_one_cm":274424,"minecraft:walk_one_cm":193972,"minecraft:damage_blocked_by_shield":545,"minecraft:drop":12,"minecraft:talked_to_villager":18,"minecraft:play_time":98415,"minecraft:deaths":9,"minecraft:sneak_time":8418,"minecraft:walk_under_water_one_cm":12778,"minecraft:jump":1604,"minecraft:walk_on_water_one_cm":16646,"minecraft:total_world_time":98415,"minecraft:interact_with_furnace":70,"minecraft:traded_with_villager":24,"minecraft:sleep_in_bed":4,"minecraft:time_since_rest":3326,"minecraft:damage_taken":2289,"minecraft:damage_dealt":1538,"minecraft:fly_one_cm":257994,"minecraft:swim_one_cm":14004,"minecraft:player_kills":1,"minecraft:open_chest":50,"minecraft:crouch_one_cm":22454,"tombstone:undead_killed":8,"minecraft:interact_with_smoker":1,"minecraft:fall_one_cm":37206},"minecraft:crafted":{"minecraft:smooth_stone":5,"minecraft:oak_planks":44,"minecraft:birch_boat":1,"minecraft:furnace":2,"minecraft:blast_furnace":1,"minecraft:stone":9,"minecraft:iron_boots":1,"minecraft:iron_axe":1,"minecraft:stone_pickaxe":1,"minecraft:dark_oak_planks":268,"minecraft:oak_slab":18,"minecraft:emerald":24,"quark:blossom_planks":196,"minecraft:crafting_table":1,"minecraft:wooden_pickaxe":1,"minecraft:iron_helmet":1,"minecraft:iron_sword":1,"minecraft:fletching_table":2,"minecraft:bucket":1,"minecraft:dark_oak_button":1,"minecraft:birch_planks":32,"minecraft:stone_axe":1,"minecraft:air":0,"minecraft:wooden_hoe":1,"minecraft:iron_chestplate":1,"minecraft:dark_oak_slab":12,"minecraft:shield":1,"minecraft:stone_slab":6,"minecraft:stick":804,"quark:oak_chest":2,"minecraft:iron_pickaxe":1,"minecraft:iron_ingot":41,"minecraft:iron_shovel":1,"minecraft:iron_leggings":1,"minecraft:composter":2,"minecraft:torch":4},"minecraft:killed_by":{"minecraft:player":4,"minecraft:enderman":1,"creeperoverhaul:dark_oak_creeper":1,"minecraft:skeleton":1,"minecraft:zombie":1}},"DataVersion":2975}