{"stats":{"minecraft:killed":{"minecraft:skeleton":4,"minecraft:zombie":2},"minecraft:used":{"minecraft:water_bucket":17,"minecraft:damaged_anvil":1,"minecraft:stone_pickaxe":67,"minecraft:oak_sign":2,"minecraft:wooden_pickaxe":17,"minecraft:birch_boat":1,"minecraft:shield":13,"minecraft:bell":2,"minecraft:fletching_table":4,"minecraft:rotten_flesh":2,"minecraft:iron_chestplate":1,"minecraft:torch":5,"minecraft:dark_oak_trapdoor":7,"minecraft:dirt":6,"minecraft:crafting_table":5,"minecraft:dark_oak_planks":76,"minecraft:iron_axe":120,"minecraft:oak_button":2,"minecraft:iron_pickaxe":60,"carryon:entity_item":9,"minecraft:iron_helmet":1,"minecraft:dark_oak_slab":10,"minecraft:dark_oak_button":1,"minecraft:iron_boots":2,"minecraft:barrel":2,"minecraft:gravel":11,"minecraft:stone_axe":42,"minecraft:cobblestone":18,"minecraft:furnace":5,"minecraft:bucket":17,"minecraft:birch_log":2,"tombstone:gift":4,"alexsmobs:animal_dictionary":3,"minecraft:egg":1,"minecraft:dandelion":1,"minecraft:iron_leggings":1},"minecraft:mined":{"minecraft:dark_oak_planks":20,"minecraft:smoker":1,"minecraft:dark_oak_log":69,"minecraft:dandelion":13,"minecraft:crafting_table":4,"biomesoplenty:bush":1,"minecraft:grass_block":2,"minecraft:calcite":4,"minecraft:tall_grass":2,"minecraft:cobblestone":18,"minecraft:oak_planks":2,"minecraft:damaged_anvil":1,"minecraft:oak_wall_sign":2,"minecraft:diorite":4,"minecraft:wall_torch":1,"minecraft:fletching_table":3,"minecraft:dark_oak_slab":6,"minecraft:furnace":2,"minecraft:dark_oak_trapdoor":8,"minecraft:birch_log":12,"minecraft:iron_ore":34,"minecraft:barrel":2,"minecraft:birch_leaves":3,"minecraft:bell":2,"minecraft:grass":3,"biomesoplenty:clover":1,"minecraft:bookshelf":22,"minecraft:pointed_dripstone":1,"minecraft:coal_ore":13,"minecraft:deepslate_iron_ore":2,"minecraft:gravel":28,"minecraft:dripstone_block":3,"minecraft:dirt":7,"minecraft:stone":34},"minecraft:dropped":{"minecraft:cooked_mutton":1,"minecraft:poppy":2,"supplementaries:quiver":2,"minecraft:allium":1,"tombstone:grave_key":1,"minecraft:dark_oak_trapdoor":1,"tombstone:grave_dust":1,"minecraft:dandelion":6},"minecraft:picked_up":{"minecraft:birch_log":10,"minecraft:crafting_table":4,"minecraft:allium":1,"minecraft:smoker":1,"minecraft:flint":4,"minecraft:dirt":7,"minecraft:dark_oak_trapdoor":8,"minecraft:cooked_mutton":1,"minecraft:bone":5,"minecraft:oak_sign":2,"minecraft:wheat_seeds":1,"minecraft:bell":2,"minecraft:stone_pickaxe":1,"minecraft:iron_ingot":1,"minecraft:calcite":4,"minecraft:fletching_table":3,"minecraft:poppy":2,"minecraft:oak_planks":2,"minecraft:iron_boots":1,"minecraft:egg":1,"minecraft:furnace":3,"minecraft:book":66,"minecraft:raw_iron":35,"minecraft:dark_oak_slab":4,"minecraft:torch":1,"quark:blossom_log":49,"minecraft:dandelion":15,"minecraft:gravel":37,"minecraft:dripstone_block":3,"tombstone:grave_dust":1,"minecraft:pointed_dripstone":5,"minecraft:diorite":4,"minecraft:dark_oak_log":67,"minecraft:barrel":2,"minecraft:dark_oak_planks":21,"minecraft:arrow":2,"minecraft:rotten_flesh":2,"minecraft:oak_button":2,"supplementaries:quiver":3,"minecraft:damaged_anvil":1,"minecraft:coal":20,"minecraft:cobblestone":49},"minecraft:crafted":{"minecraft:emerald":24,"quark:blossom_planks":196,"minecraft:crafting_table":1,"minecraft:birch_boat":1,"minecraft:wooden_pickaxe":1,"minecraft:iron_helmet":1,"minecraft:iron_sword":1,"minecraft:furnace":2,"minecraft:fletching_table":1,"minecraft:dark_oak_button":1,"minecraft:bucket":1,"minecraft:birch_planks":24,"minecraft:stone_axe":1,"minecraft:air":0,"minecraft:dark_oak_slab":12,"minecraft:iron_boots":1,"minecraft:iron_chestplate":1,"minecraft:shield":1,"minecraft:iron_axe":1,"minecraft:stick":804,"minecraft:iron_ingot":35,"minecraft:iron_pickaxe":1,"minecraft:stone_pickaxe":1,"minecraft:iron_leggings":1,"minecraft:dark_oak_planks":268,"minecraft:torch":4},"minecraft:custom":{"minecraft:interact_with_furnace":50,"minecraft:interact_with_anvil":1,"minecraft:mob_kills":6,"minecraft:traded_with_villager":24,"minecraft:interact_with_crafting_table":18,"minecraft:open_barrel":8,"minecraft:leave_game":3,"minecraft:time_since_death":11712,"minecraft:sleep_in_bed":1,"minecraft:climb_one_cm":376,"minecraft:time_since_rest":11739,"minecraft:sprint_one_cm":236659,"minecraft:damage_taken":1856,"minecraft:walk_one_cm":146743,"minecraft:damage_blocked_by_shield":465,"minecraft:drop":11,"minecraft:damage_dealt":1008,"minecraft:talked_to_villager":12,"minecraft:swim_one_cm":14004,"minecraft:fly_one_cm":234203,"minecraft:open_chest":1,"minecraft:crouch_one_cm":21524,"minecraft:play_time":74415,"tombstone:undead_killed":6,"minecraft:deaths":7,"minecraft:sneak_time":7868,"minecraft:walk_under_water_one_cm":9619,"minecraft:jump":1412,"minecraft:walk_on_water_one_cm":11742,"minecraft:total_world_time":74415,"minecraft:fall_one_cm":33869},"minecraft:killed_by":{"minecraft:player":3,"minecraft:skeleton":1,"minecraft:zombie":1,"minecraft:enderman":1}},"DataVersion":2975}