{"stats":{"minecraft:used":{"minecraft:wheat_seeds":1,"minecraft:cooked_mutton":2,"minecraft:snow_block":1,"minecraft:spruce_slab":38,"minecraft:stone_pickaxe":33,"minecraft:oak_planks":3,"minecraft:spruce_planks":78,"minecraft:chest":1,"minecraft:wooden_pickaxe":28,"minecraft:bell":1,"minecraft:sugar_cane":1,"minecraft:blue_bed":2,"minecraft:crafting_table":6,"minecraft:red_bed":2,"minecraft:white_bed":4,"minecraft:wooden_axe":6,"minecraft:bread":3,"minecraft:iron_pickaxe":2,"minecraft:spruce_trapdoor":15,"minecraft:gravel":1,"minecraft:stone_axe":120,"minecraft:blue_carpet":2,"minecraft:fishing_rod":21,"minecraft:cobblestone":1,"minecraft:furnace":1,"minecraft:cooked_beef":2},"minecraft:killed":{"minecraft:sheep":6,"minecraft:cow":1},"minecraft:custom":{"minecraft:interact_with_furnace":12,"minecraft:mob_kills":7,"minecraft:interact_with_crafting_table":18,"minecraft:bell_ring":20,"minecraft:time_since_death":37200,"minecraft:sleep_in_bed":2,"minecraft:time_since_rest":12850,"minecraft:sprint_one_cm":147939,"minecraft:damage_taken":183,"minecraft:walk_one_cm":82573,"minecraft:drop":13,"minecraft:damage_dealt":930,"minecraft:swim_one_cm":5056,"minecraft:fly_one_cm":170369,"minecraft:player_kills":1,"minecraft:open_chest":11,"minecraft:crouch_one_cm":13387,"minecraft:play_time":37200,"minecraft:sneak_time":4386,"minecraft:walk_under_water_one_cm":2516,"minecraft:jump":756,"minecraft:walk_on_water_one_cm":3311,"minecraft:total_world_time":37200,"minecraft:fall_one_cm":19169},"minecraft:picked_up":{"minecraft:wooden_axe":1,"minecraft:crafting_table":5,"minecraft:leather":1,"minecraft:smithing_table":1,"minecraft:smoker":1,"minecraft:flint":2,"minecraft:stripped_spruce_wood":28,"minecraft:oak_log":10,"minecraft:dirt":4,"minecraft:blue_bed":2,"minecraft:red_bed":2,"minecraft:wheat_seeds":1,"minecraft:bell":1,"minecraft:spruce_planks":20,"minecraft:grindstone":2,"minecraft:beef":2,"minecraft:stone_pickaxe":1,"minecraft:spruce_slab":2,"minecraft:fletching_table":2,"minecraft:sugar_cane":1,"minecraft:spruce_trapdoor":13,"minecraft:oak_planks":10,"minecraft:furnace":1,"minecraft:stick":3,"minecraft:composter":5,"minecraft:gravel":8,"minecraft:stripped_spruce_log":16,"minecraft:white_bed":3,"minecraft:spruce_door":1,"minecraft:blue_carpet":2,"minecraft:stone_axe":1,"minecraft:black_wool":1,"minecraft:mutton":9,"minecraft:coal":25,"minecraft:white_wool":5,"minecraft:cobblestone":27},"minecraft:crafted":{"minecraft:cooked_beef":2,"minecraft:oak_planks":40,"minecraft:crafting_table":1,"minecraft:spruce_planks":176,"minecraft:wooden_pickaxe":1,"minecraft:furnace":1,"minecraft:stone_axe":1,"minecraft:cooked_mutton":4,"minecraft:air":0,"minecraft:spruce_trapdoor":2,"minecraft:shield":1,"minecraft:spruce_slab":36,"minecraft:stick":8,"minecraft:stone_pickaxe":1,"minecraft:wooden_axe":1,"minecraft:chest":1,"minecraft:white_bed":1},"minecraft:broken":{"minecraft:stone_axe":1,"minecraft:fishing_rod":1},"minecraft:dropped":{"minecraft:gravel":7,"minecraft:stone_axe":1,"minecraft:cobblestone":1,"minecraft:cooked_mutton":2,"minecraft:stick":3,"minecraft:dirt":3,"minecraft:wooden_axe":2,"minecraft:stone_pickaxe":1,"minecraft:wooden_pickaxe":1},"minecraft:mined":{"minecraft:smithing_table":1,"minecraft:blue_carpet":2,"minecraft:spruce_planks":17,"minecraft:white_bed":3,"minecraft:red_bed":2,"minecraft:smoker":1,"minecraft:dandelion":1,"minecraft:spruce_trapdoor":11,"minecraft:crafting_table":6,"minecraft:short_grass":17,"minecraft:grass_block":2,"minecraft:grindstone":2,"minecraft:oak_planks":8,"minecraft:composter":5,"minecraft:blue_bed":2,"minecraft:large_fern":1,"minecraft:furnace":1,"minecraft:stripped_spruce_wood":28,"minecraft:wheat":1,"minecraft:stripped_spruce_log":18,"minecraft:fletching_table":2,"minecraft:bell":1,"minecraft:oak_log":10,"minecraft:coal_ore":21,"minecraft:dirt":1,"minecraft:gravel":9,"minecraft:stone":27,"minecraft:spruce_slab":2,"minecraft:oak_leaves":2}},"DataVersion":3700}