{"stats":{"minecraft:killed_by":{"minecraft:player":2,"minecraft:skeleton":1},"minecraft:dropped":{"farmersdelight:tomato_seeds":11,"minecraft:stone_hoe":2,"minecraft:bread":1,"minecraft:wheat_seeds":61,"minecraft:saddle":1,"minecraft:coal":1,"minecraft:stick":64,"minecraft:dirt":1,"tombstone:magic_scroll":1,"byg:mahogany_log":2,"minecraft:dead_bush":1,"minecraft:cactus":5,"minecraft:string":1,"byg:scoria_cobblestone":1,"byg:rainbow_eucalyptus_slab":1,"minecraft:furnace":1,"minecraft:stone_axe":1,"minecraft:sugar_cane":5,"farmersdelight:cabbage_seeds":3,"minecraft:rotten_flesh":2,"croptopia:saguaro_seed":1,"minecraft:poppy":1,"minecraft:hay_block":10,"minecraft:shield":16,"minecraft:beetroot_seeds":22,"minecraft:melon_seeds":4,"minecraft:chainmail_boots":34,"minecraft:wooden_pickaxe":1,"minecraft:bell":1},"minecraft:used":{"minecraft:chest":2,"minecraft:shield":2,"minecraft:stone_hoe":56,"minecraft:torch":8,"minecraft:dirt":25,"minecraft:carrot":1,"byg:rainbow_eucalyptus_trapdoor":2,"byg:rainbow_eucalyptus_planks":1,"carryon:tile_item":1,"minecraft:furnace":2,"tombstone:gift":1,"croptopia:saguaro":1,"minecraft:stone_pickaxe":85,"minecraft:oak_planks":18,"minecraft:wooden_pickaxe":28,"minecraft:composter":8,"byg:rainbow_eucalyptus_slab":67,"minecraft:green_bed":2,"minecraft:fletching_table":6,"minecraft:sand":31,"minecraft:lime_bed":4,"minecraft:crafting_table":6,"minecraft:blast_furnace":1,"minecraft:bread":22,"minecraft:cyan_bed":1,"minecraft:gravel":5,"byg:rainbow_eucalyptus_boat":8,"minecraft:stone_axe":273,"minecraft:cobblestone":3,"minecraft:cooked_porkchop":3,"minecraft:bucket":1,"alexsmobs:animal_dictionary":1,"minecraft:dandelion":2},"minecraft:crafted":{"minecraft:oak_planks":944,"minecraft:furnace":2,"byg:baobab_planks":1856,"minecraft:bone_meal":3,"minecraft:stone_pickaxe":1,"minecraft:chest":2,"byg:mahogany_planks":8,"minecraft:wheat":333,"minecraft:coal_block":4,"minecraft:emerald":53,"minecraft:cooked_porkchop":3,"minecraft:crafting_table":3,"minecraft:wooden_pickaxe":1,"minecraft:bucket":1,"byg:rainbow_eucalyptus_slab":66,"minecraft:stone_axe":3,"minecraft:bread":143,"minecraft:air":0,"minecraft:shield":1,"minecraft:stick":3696,"minecraft:iron_ingot":7,"minecraft:iron_pickaxe":1,"minecraft:torch":8},"minecraft:mined":{"byg:rainbow_eucalyptus_planks":58,"minecraft:grass_block":8,"farmersdelight:tomatoes":4,"byg:rainbow_eucalyptus_slab":8,"minecraft:composter":7,"minecraft:hay_block":43,"minecraft:furnace":2,"minecraft:carrots":1,"minecraft:iron_ore":6,"byg:prairie_grass":4,"minecraft:fletching_table":5,"minecraft:bell":1,"dtbyg:rainbow_eucalyptus_leaves":1,"minecraft:stone":51,"minecraft:green_bed":2,"byg:tall_prairie_grass":2,"minecraft:kelp_plant":1,"minecraft:melon_stem":1,"minecraft:dandelion":1,"minecraft:crafting_table":7,"minecraft:blast_furnace":1,"minecraft:dead_bush":24,"farmersdelight:cabbages":3,"minecraft:tall_grass":1,"minecraft:cobblestone":3,"minecraft:cyan_bed":1,"minecraft:oak_planks":1,"minecraft:wall_torch":4,"minecraft:lime_bed":6,"minecraft:cactus":2,"minecraft:wheat":47,"byg:short_grass":2,"minecraft:grass":24,"minecraft:coal_ore":30,"minecraft:beetroots":11,"croptopia:saguaro_crop":1,"minecraft:gravel":6,"minecraft:sand":15,"minecraft:dirt":5,"byg:rainbow_eucalyptus_trapdoor":2},"minecraft:custom":{"minecraft:mob_kills":20,"minecraft:interact_with_crafting_table":25,"minecraft:leave_game":4,"minecraft:time_since_death":55338,"minecraft:climb_one_cm":331,"minecraft:sprint_one_cm":338558,"minecraft:walk_one_cm":316003,"minecraft:damage_blocked_by_shield":60,"minecraft:drop":106,"minecraft:talked_to_villager":79,"minecraft:deaths":3,"minecraft:sneak_time":4613,"minecraft:walk_under_water_one_cm":3049,"minecraft:boat_one_cm":90907,"minecraft:jump":2108,"minecraft:walk_on_water_one_cm":8870,"minecraft:interact_with_furnace":30,"minecraft:traded_with_villager":58,"minecraft:play_one_minute":102298,"minecraft:sleep_in_bed":12,"minecraft:time_since_rest":2520,"minecraft:damage_taken":1742,"minecraft:damage_dealt":3819,"minecraft:swim_one_cm":16203,"minecraft:fly_one_cm":447492,"minecraft:player_kills":1,"minecraft:open_chest":96,"minecraft:crouch_one_cm":12133,"tombstone:undead_killed":10,"minecraft:fall_one_cm":43828},"minecraft:broken":{"minecraft:stone_axe":2},"minecraft:picked_up":{"minecraft:wooden_axe":1,"byg:mahogany_log":4,"minecraft:crafting_table":6,"minecraft:wheat":13,"minecraft:chainmail_boots":34,"byg:rainbow_eucalyptus_planks":98,"minecraft:wooden_pickaxe":1,"byg:rainbow_eucalyptus_boat":9,"minecraft:shield":16,"croptopia:saguaro_seed":1,"minecraft:string":1,"byg:rainbow_eucalyptus_slab":8,"byg:baobab_log":713,"minecraft:beetroot":6,"byg:mahogany_planks":1,"minecraft:poppy":1,"dynamictrees:oak_seed":34,"minecraft:sugar_cane":5,"farmersdelight:cabbage_seeds":3,"minecraft:furnace":2,"minecraft:stick":178,"minecraft:composter":10,"minecraft:torch":3,"minecraft:green_bed":2,"minecraft:porkchop":3,"farmersdelight:tomato_seeds":11,"minecraft:cookie":16,"minecraft:carrot":1,"minecraft:arrow":4,"minecraft:cactus":7,"minecraft:rotten_flesh":9,"minecraft:beetroot_seeds":22,"minecraft:pumpkin_pie":40,"minecraft:hay_block":47,"minecraft:cobblestone":54,"minecraft:lime_bed":4,"minecraft:flint":1,"minecraft:oak_log":214,"minecraft:gunpowder":2,"minecraft:dirt":24,"minecraft:bone":3,"byg:scoria_cobblestone":1,"minecraft:kelp":2,"minecraft:wheat_seeds":81,"minecraft:bell":1,"minecraft:iron_ore":6,"minecraft:fletching_table":6,"dtbyg:baobab_seed":9,"minecraft:stone_hoe":2,"minecraft:oak_planks":1,"byg:rainbow_eucalyptus_trapdoor":2,"minecraft:dandelion":2,"minecraft:gravel":6,"minecraft:sand":38,"dtbyg:mahogany_seed":1,"dynamictrees:acacia_seed":4,"minecraft:blast_furnace":1,"minecraft:cyan_bed":1,"croptopia:saguaro":1,"minecraft:stone_axe":1,"minecraft:bread":55,"tombstone:magic_scroll":1,"minecraft:melon_seeds":4,"minecraft:coal":54},"minecraft:killed":{"alexsmobs:tarantula_hawk":1,"minecraft:spider":3,"minecraft:skeleton":3,"minecraft:husk":4,"minecraft:pig":1,"minecraft:creeper":2,"minecraft:zombie":3,"minecraft:enderman":1}},"DataVersion":2586}