{"stats":{"minecraft:killed_by":{"minecraft:skeleton":1},"minecraft:used":{"minecraft:stone_axe":1,"minecraft:dirt":2,"minecraft:crafting_table":1,"alexsmobs:animal_dictionary":2,"minecraft:wooden_pickaxe":17},"minecraft:mined":{"minecraft:grass":2,"minecraft:grass_block":1,"minecraft:dirt":2,"minecraft:birch_log":5,"minecraft:stone":14,"minecraft:crafting_table":1},"minecraft:custom":{"minecraft:time_since_rest":2318,"minecraft:crouch_one_cm":3282,"minecraft:play_time":5590,"minecraft:sprint_one_cm":7249,"minecraft:walk_one_cm":3651,"minecraft:damage_taken":280,"minecraft:deaths":1,"minecraft:sneak_time":970,"minecraft:jump":42,"minecraft:damage_dealt":173,"minecraft:leave_game":1,"minecraft:time_since_death":2293,"minecraft:total_world_time":5590,"minecraft:interact_with_crafting_table":2,"minecraft:fall_one_cm":956,"minecraft:fly_one_cm":9014},"minecraft:picked_up":{"minecraft:birch_log":5,"minecraft:crafting_table":1,"minecraft:dirt":2,"minecraft:cobblestone":14},"minecraft:crafted":{"minecraft:furnace":1,"minecraft:birch_planks":20,"minecraft:stone_axe":1,"minecraft:crafting_table":1,"minecraft:stick":8,"minecraft:stone_pickaxe":1,"minecraft:wooden_pickaxe":1}},"DataVersion":2975}