{"stats":{"minecraft:killed":{"minecraft:skeleton":4,"minecraft:zombie":2},"minecraft:used":{"minecraft:water_bucket":10,"minecraft:stone_pickaxe":67,"minecraft:oak_sign":2,"minecraft:wooden_pickaxe":17,"minecraft:birch_boat":1,"minecraft:shield":13,"minecraft:rotten_flesh":2,"minecraft:iron_chestplate":1,"minecraft:torch":4,"minecraft:dark_oak_trapdoor":7,"minecraft:dirt":6,"minecraft:crafting_table":5,"minecraft:dark_oak_planks":76,"minecraft:iron_axe":78,"minecraft:oak_button":2,"minecraft:iron_pickaxe":41,"carryon:entity_item":9,"minecraft:iron_helmet":1,"minecraft:dark_oak_slab":10,"minecraft:iron_boots":1,"minecraft:gravel":4,"minecraft:stone_axe":41,"minecraft:cobblestone":18,"minecraft:furnace":4,"minecraft:bucket":11,"minecraft:birch_log":2,"tombstone:gift":2,"alexsmobs:animal_dictionary":3,"minecraft:egg":1,"minecraft:iron_leggings":1},"minecraft:mined":{"minecraft:dark_oak_planks":20,"minecraft:smoker":1,"minecraft:dark_oak_log":30,"minecraft:dandelion":5,"minecraft:crafting_table":4,"biomesoplenty:bush":1,"minecraft:grass_block":1,"minecraft:calcite":4,"minecraft:tall_grass":2,"minecraft:cobblestone":18,"minecraft:oak_planks":2,"minecraft:damaged_anvil":1,"minecraft:oak_wall_sign":2,"minecraft:diorite":4,"minecraft:dark_oak_slab":6,"minecraft:furnace":2,"minecraft:dark_oak_trapdoor":8,"minecraft:birch_log":12,"minecraft:iron_ore":34,"minecraft:barrel":2,"minecraft:birch_leaves":2,"minecraft:bell":1,"minecraft:grass":2,"biomesoplenty:clover":1,"minecraft:bookshelf":22,"minecraft:pointed_dripstone":1,"minecraft:coal_ore":11,"minecraft:deepslate_iron_ore":2,"minecraft:gravel":7,"minecraft:dripstone_block":3,"minecraft:dirt":7,"minecraft:stone":32},"minecraft:dropped":{"minecraft:cooked_mutton":1,"minecraft:poppy":2,"supplementaries:quiver":2,"minecraft:dark_oak_trapdoor":1,"tombstone:grave_dust":1,"minecraft:dandelion":6},"minecraft:picked_up":{"minecraft:birch_log":10,"minecraft:crafting_table":4,"minecraft:allium":1,"minecraft:smoker":1,"minecraft:flint":1,"minecraft:dirt":6,"minecraft:dark_oak_trapdoor":8,"minecraft:cooked_mutton":1,"minecraft:bone":5,"minecraft:oak_sign":2,"minecraft:bell":1,"minecraft:stone_pickaxe":1,"minecraft:iron_ingot":1,"minecraft:calcite":4,"minecraft:poppy":2,"minecraft:oak_planks":2,"minecraft:egg":1,"minecraft:furnace":3,"minecraft:book":66,"minecraft:raw_iron":35,"minecraft:dark_oak_slab":4,"minecraft:dandelion":6,"minecraft:gravel":6,"minecraft:dripstone_block":3,"tombstone:grave_dust":1,"minecraft:pointed_dripstone":5,"minecraft:diorite":4,"minecraft:dark_oak_log":29,"minecraft:barrel":2,"minecraft:dark_oak_planks":21,"minecraft:arrow":2,"minecraft:rotten_flesh":2,"minecraft:oak_button":2,"supplementaries:quiver":3,"minecraft:damaged_anvil":1,"minecraft:coal":18,"minecraft:cobblestone":47},"minecraft:crafted":{"minecraft:crafting_table":1,"minecraft:birch_boat":1,"minecraft:wooden_pickaxe":1,"minecraft:iron_helmet":1,"minecraft:iron_sword":1,"minecraft:furnace":2,"minecraft:bucket":1,"minecraft:birch_planks":24,"minecraft:stone_axe":1,"minecraft:air":0,"minecraft:dark_oak_slab":12,"minecraft:iron_boots":1,"minecraft:iron_chestplate":1,"minecraft:shield":1,"minecraft:iron_axe":1,"minecraft:stick":12,"minecraft:iron_ingot":35,"minecraft:iron_pickaxe":1,"minecraft:stone_pickaxe":1,"minecraft:iron_leggings":1,"minecraft:dark_oak_planks":116,"minecraft:torch":4},"minecraft:custom":{"minecraft:interact_with_furnace":50,"minecraft:mob_kills":6,"minecraft:interact_with_crafting_table":16,"minecraft:open_barrel":1,"minecraft:leave_game":3,"minecraft:time_since_death":9782,"minecraft:sleep_in_bed":1,"minecraft:climb_one_cm":376,"minecraft:time_since_rest":1852,"minecraft:sprint_one_cm":202587,"minecraft:damage_taken":1560,"minecraft:walk_one_cm":109855,"minecraft:damage_blocked_by_shield":465,"minecraft:drop":9,"minecraft:damage_dealt":1008,"minecraft:talked_to_villager":2,"minecraft:swim_one_cm":13593,"minecraft:fly_one_cm":209515,"minecraft:open_chest":1,"minecraft:crouch_one_cm":17711,"minecraft:play_time":62415,"tombstone:undead_killed":6,"minecraft:deaths":6,"minecraft:sneak_time":6630,"minecraft:walk_under_water_one_cm":6961,"minecraft:jump":1199,"minecraft:walk_on_water_one_cm":9971,"minecraft:total_world_time":62415,"minecraft:fall_one_cm":27343},"minecraft:killed_by":{"minecraft:player":2,"minecraft:skeleton":1,"minecraft:zombie":1,"minecraft:enderman":1}},"DataVersion":2975}