{"stats":{"minecraft:dropped":{"dedsafioitems:dedita_multicolor":4,"minecraft:wheat_seeds":1,"minecraft:cooked_beef":3,"minecraft:diamond_chestplate":2,"dedsafioitems:dedita_naranja":3,"dedsafioitems:dedita_celeste":6,"dedsafioitems:dedita_verde":4,"dedsafioitems:cuchara_de_la_resureccion":2,"minecraft:diamond_leggings":2,"minecraft:diamond_helmet":2,"minecraft:rotten_flesh":2,"minecraft:diamond_boots":1,"dedsafioitems:dedita_rosada":4,"minecraft:apple":32,"dedsafioitems:dedita_amarilla":4,"dedsafioitems:dedita_azul":4,"dedsafioitems:dedita_morada":3,"minecraft:gold_ingot":128,"dedsafioitems:dedita_roja":4},"minecraft:picked_up":{"minecraft:book":1,"dedsafioitems:dedita_multicolor":6,"minecraft:cooked_beef":3,"minecraft:feather":1,"dedsafioitems:cuchara_de_la_resureccion":3,"minecraft:ladder":1,"dedsafioitems:dedita_rosada":6,"dedsafioitems:dedita_morada":4,"dedsafioitems:dedita_roja":6,"dedsafioitems:dedita_amarilla":6,"dedsafioitems:dimensional_chestplate":1,"dedsafioitems:infernal_leggings":1,"dedsafioitems:espacial_helmet":1,"minecraft:ink_sac":1,"dedsafioitems:infernal_helmet":1,"dedsafioitems:dedita_azul":5,"dedsafioitems:espacial_boots":1,"dedsafioitems:espacial_chestplate":1,"dedsafioitems:dimensional_boots":1,"dedsafioitems:dedita_verde":6,"minecraft:rotten_flesh":2,"dedsafioitems:espacial_leggings":1,"minecraft:apple":16,"minecraft:diamond_chestplate":3,"dedsafioitems:dedita_naranja":4,"minecraft:wheat_seeds":1,"minecraft:diamond_leggings":3,"dedsafioitems:dimensional_helmet":1,"minecraft:diamond_boots":2,"dedsafioitems:infernal_boots":1,"minecraft:gold_ingot":64,"dedsafioitems:infernal_chestplate":1,"minecraft:diamond_helmet":3,"dedsafioitems:dedita_celeste":7,"dedsafioitems:dimensional_leggings":1},"minecraft:mined":{"minecraft:sweet_berry_bush":1,"minecraft:spruce_leaves":11,"minecraft:fern":1},"minecraft:used":{"minecraft:oak_log":41,"minecraft:oak_trapdoor":1,"minecraft:oak_fence":5,"minecraft:diamond_boots":2,"minecraft:grass_block":34,"minecraft:ladder":20,"minecraft:diamond_chestplate":2,"minecraft:oak_slab":16,"minecraft:sweet_berries":13,"minecraft:diamond_helmet":2,"minecraft:glass_pane":6,"minecraft:cooked_beef":23,"minecraft:diamond_leggings":2},"minecraft:crafted":{"minecraft:writable_book":2},"minecraft:custom":{"minecraft:time_since_rest":105108,"minecraft:sprint_one_cm":35528,"minecraft:walk_one_cm":104175,"minecraft:damage_taken":2243,"minecraft:drop":40,"minecraft:damage_dealt":10,"minecraft:interact_with_crafting_table":5,"minecraft:fly_one_cm":97934,"minecraft:crouch_one_cm":47990,"minecraft:play_time":105108,"minecraft:sneak_time":16677,"minecraft:jump":1846,"minecraft:time_since_death":105108,"minecraft:climb_one_cm":1820,"minecraft:total_world_time":105108,"minecraft:fall_one_cm":47180}},"DataVersion":3337}