{"stats":{"minecraft:dropped":{"dedsafioitems:dedita_multicolor":2,"dedsafioitems:dedita_naranja":2,"dedsafioitems:dedita_celeste":2,"dedsafioitems:dedita_verde":2,"dedsafioitems:cuchara_de_la_resureccion":1,"dedsafioitems:dedita_rosada":2,"dedsafioitems:dedita_amarilla":2,"dedsafioitems:dedita_azul":3,"dedsafioitems:dedita_morada":2,"dedsafioitems:dedita_roja":2},"minecraft:picked_up":{"dedsafioitems:dedita_multicolor":4,"dedsafioitems:cuchara_de_la_resureccion":2,"dedsafioitems:dedita_rosada":4,"dedsafioitems:dedita_morada":3,"dedsafioitems:dedita_roja":4,"dedsafioitems:dedita_amarilla":4,"dedsafioitems:dimensional_chestplate":1,"dedsafioitems:infernal_leggings":1,"dedsafioitems:espacial_helmet":1,"dedsafioitems:infernal_helmet":1,"dedsafioitems:dedita_azul":4,"dedsafioitems:espacial_boots":1,"dedsafioitems:espacial_chestplate":1,"dedsafioitems:dimensional_boots":1,"dedsafioitems:dedita_verde":4,"dedsafioitems:espacial_leggings":1,"dedsafioitems:dedita_naranja":3,"dedsafioitems:dimensional_helmet":1,"dedsafioitems:infernal_boots":1,"dedsafioitems:infernal_chestplate":1,"dedsafioitems:dedita_celeste":3,"dedsafioitems:dimensional_leggings":1},"minecraft:mined":{"minecraft:sweet_berry_bush":1},"minecraft:used":{"minecraft:grass_block":25,"minecraft:sweet_berries":10},"minecraft:custom":{"minecraft:time_since_rest":45108,"minecraft:sprint_one_cm":7557,"minecraft:walk_one_cm":46740,"minecraft:damage_taken":60,"minecraft:drop":15,"minecraft:damage_dealt":10,"minecraft:fly_one_cm":11074,"minecraft:crouch_one_cm":16574,"minecraft:play_time":45108,"minecraft:sneak_time":6493,"minecraft:jump":841,"minecraft:time_since_death":45108,"minecraft:total_world_time":45108,"minecraft:fall_one_cm":3518}},"DataVersion":3337}