{"stats":{"minecraft:dropped":{"minecraft:wheat_seeds":1,"minecraft:cooked_beef":3,"dedsafioitems:dedita_celeste":6,"dedsafioitems:cuchara_de_la_resureccion":2,"minecraft:diamond_leggings":2,"minecraft:rotten_flesh":2,"dedsafioitems:dedita_rosada":4,"minecraft:apple":32,"dedsafioitems:dedita_amarilla":4,"dedsafioitems:dedita_morada":3,"minecraft:golden_apple":96,"dedsafioitems:dedita_multicolor":4,"minecraft:diamond_chestplate":2,"dedsafioitems:dedita_naranja":3,"dedsafioitems:dedita_verde":4,"minecraft:diamond_helmet":2,"minecraft:diamond_boots":1,"dedsafioitems:dedita_azul":4,"dedsafioitems:dedita_roja":4,"minecraft:gold_ingot":128},"minecraft:picked_up":{"minecraft:feather":1,"minecraft:cooked_beef":3,"dedsafioitems:cuchara_de_la_resureccion":3,"minecraft:ladder":1,"dedsafioitems:dedita_rosada":6,"dedsafioitems:dedita_morada":4,"dedsafioitems:dimensional_chestplate":1,"dedsafioitems:infernal_leggings":1,"dedsafioitems:infernal_helmet":1,"dedsafioitems:espacial_boots":1,"dedsafioitems:dimensional_boots":1,"dedsafioitems:dedita_verde":6,"minecraft:apple":80,"minecraft:wheat_seeds":1,"minecraft:diamond_leggings":3,"dedsafioitems:dimensional_helmet":1,"dedsafioitems:infernal_boots":1,"minecraft:player_head":1,"dedsafioitems:infernal_chestplate":1,"minecraft:diamond_helmet":3,"dedsafioitems:dimensional_leggings":1,"minecraft:book":1,"dedsafioitems:dedita_multicolor":6,"dedsafioitems:dedita_amarilla":6,"dedsafioitems:dedita_roja":6,"dedsafioitems:espacial_helmet":1,"minecraft:ink_sac":1,"dedsafioitems:dedita_azul":5,"dedsafioitems:espacial_chestplate":1,"dedsafioitems:espacial_leggings":1,"minecraft:diamond_chestplate":3,"minecraft:rotten_flesh":2,"dedsafioitems:dedita_naranja":4,"minecraft:diamond_boots":2,"minecraft:golden_apple":48,"minecraft:gold_ingot":320,"dedsafioitems:dedita_celeste":7},"minecraft:mined":{"minecraft:spruce_leaves":14,"minecraft:sweet_berry_bush":1,"minecraft:player_head":1,"minecraft:fern":1},"minecraft:used":{"minecraft:oak_fence":24,"minecraft:oak_trapdoor":1,"minecraft:diamond_boots":2,"minecraft:ladder":20,"minecraft:player_head":15,"minecraft:golden_apple":12,"minecraft:oak_slab":16,"minecraft:cobblestone_wall":19,"minecraft:blue_ice":24,"minecraft:diamond_helmet":2,"minecraft:oak_log":55,"extendedslabs:vertical_birch_wood_slab":9,"minecraft:grass_block":62,"minecraft:diamond_chestplate":2,"minecraft:sweet_berries":13,"minecraft:glass_pane":31,"minecraft:cooked_beef":29,"minecraft:diamond_leggings":2},"minecraft:crafted":{"minecraft:golden_apple":64,"minecraft:writable_book":2},"minecraft:custom":{"minecraft:interact_with_crafting_table":18,"minecraft:leave_game":2,"minecraft:time_since_death":163239,"minecraft:climb_one_cm":22919,"minecraft:time_since_rest":163239,"minecraft:sprint_one_cm":88418,"minecraft:damage_absorbed":20,"minecraft:damage_taken":3016,"minecraft:walk_one_cm":161351,"minecraft:drop":43,"minecraft:damage_dealt":10,"minecraft:fly_one_cm":242343,"minecraft:crouch_one_cm":86433,"minecraft:play_time":163239,"minecraft:sneak_time":30790,"minecraft:jump":2861,"minecraft:total_world_time":163239,"minecraft:fall_one_cm":75128}},"DataVersion":3337}