{"stats":{"minecraft:dropped":{"dedsafioitems:dedita_multicolor":4,"minecraft:wheat_seeds":1,"minecraft:cooked_beef":3,"minecraft:diamond_chestplate":2,"dedsafioitems:dedita_naranja":3,"dedsafioitems:dedita_celeste":6,"dedsafioitems:dedita_verde":4,"dedsafioitems:cuchara_de_la_resureccion":2,"minecraft:diamond_leggings":2,"minecraft:diamond_helmet":2,"minecraft:rotten_flesh":2,"minecraft:diamond_boots":1,"dedsafioitems:dedita_rosada":4,"minecraft:apple":32,"dedsafioitems:dedita_amarilla":4,"dedsafioitems:dedita_azul":4,"dedsafioitems:dedita_morada":3,"minecraft:golden_apple":96,"minecraft:gold_ingot":128,"dedsafioitems:dedita_roja":4},"minecraft:picked_up":{"minecraft:book":1,"dedsafioitems:dedita_multicolor":6,"minecraft:feather":1,"minecraft:cooked_beef":3,"dedsafioitems:cuchara_de_la_resureccion":3,"minecraft:ladder":1,"dedsafioitems:dedita_rosada":6,"dedsafioitems:dedita_morada":4,"dedsafioitems:dedita_roja":6,"dedsafioitems:dedita_amarilla":6,"dedsafioitems:infernal_leggings":1,"dedsafioitems:dimensional_chestplate":1,"dedsafioitems:espacial_helmet":1,"minecraft:ink_sac":1,"dedsafioitems:infernal_helmet":1,"dedsafioitems:dedita_azul":5,"dedsafioitems:espacial_boots":1,"dedsafioitems:espacial_chestplate":1,"dedsafioitems:dimensional_boots":1,"dedsafioitems:dedita_verde":6,"dedsafioitems:espacial_leggings":1,"minecraft:apple":80,"minecraft:rotten_flesh":2,"minecraft:diamond_chestplate":3,"dedsafioitems:dedita_naranja":4,"minecraft:diamond_leggings":3,"minecraft:wheat_seeds":1,"dedsafioitems:dimensional_helmet":1,"minecraft:diamond_boots":2,"dedsafioitems:infernal_boots":1,"minecraft:golden_apple":48,"minecraft:gold_ingot":320,"dedsafioitems:infernal_chestplate":1,"minecraft:diamond_helmet":3,"dedsafioitems:dedita_celeste":7,"dedsafioitems:dimensional_leggings":1},"minecraft:mined":{"minecraft:sweet_berry_bush":1,"minecraft:spruce_leaves":11,"minecraft:fern":1},"minecraft:used":{"minecraft:oak_trapdoor":1,"minecraft:oak_log":54,"minecraft:oak_fence":23,"extendedslabs:vertical_birch_wood_slab":9,"minecraft:diamond_boots":2,"minecraft:grass_block":62,"minecraft:ladder":20,"minecraft:player_head":13,"minecraft:diamond_chestplate":2,"minecraft:oak_slab":16,"minecraft:sweet_berries":13,"minecraft:cobblestone_wall":18,"minecraft:diamond_helmet":2,"minecraft:glass_pane":31,"minecraft:blue_ice":23,"minecraft:cooked_beef":29,"minecraft:diamond_leggings":2},"minecraft:crafted":{"minecraft:golden_apple":64,"minecraft:writable_book":2},"minecraft:custom":{"minecraft:time_since_rest":151239,"minecraft:damage_taken":2896,"minecraft:walk_one_cm":137664,"minecraft:sprint_one_cm":69194,"minecraft:drop":43,"minecraft:damage_dealt":10,"minecraft:interact_with_crafting_table":12,"minecraft:fly_one_cm":210122,"minecraft:crouch_one_cm":80945,"minecraft:play_time":151239,"minecraft:sneak_time":28998,"minecraft:jump":2420,"minecraft:leave_game":2,"minecraft:time_since_death":151239,"minecraft:total_world_time":151239,"minecraft:climb_one_cm":22919,"minecraft:fall_one_cm":58285}},"DataVersion":3337}