{"stats":{"minecraft:dropped":{"dedsafioitems:dedita_azul":1,"dedsafioitems:dedita_naranja":1,"dedsafioitems:dedita_celeste":1},"minecraft:picked_up":{"dedsafioitems:espacial_chestplate":1,"dedsafioitems:dedita_multicolor":2,"dedsafioitems:dedita_verde":1,"dedsafioitems:dimensional_boots":1,"dedsafioitems:cuchara_de_la_resureccion":1,"dedsafioitems:espacial_leggings":1,"dedsafioitems:dedita_naranja":2,"dedsafioitems:dedita_rosada":2,"dedsafioitems:dimensional_helmet":1,"dedsafioitems:dedita_morada":1,"dedsafioitems:infernal_boots":1,"dedsafioitems:dedita_amarilla":2,"dedsafioitems:dedita_roja":2,"dedsafioitems:infernal_leggings":1,"dedsafioitems:dimensional_chestplate":1,"dedsafioitems:espacial_helmet":1,"dedsafioitems:infernal_chestplate":1,"dedsafioitems:infernal_helmet":1,"dedsafioitems:dedita_celeste":2,"dedsafioitems:dedita_azul":2,"dedsafioitems:espacial_boots":1,"dedsafioitems:dimensional_leggings":1},"minecraft:custom":{"minecraft:time_since_rest":21108,"minecraft:crouch_one_cm":4594,"minecraft:play_time":21108,"minecraft:sprint_one_cm":4027,"minecraft:walk_one_cm":13010,"minecraft:sneak_time":3072,"minecraft:drop":3,"minecraft:jump":369,"minecraft:damage_dealt":10,"minecraft:time_since_death":21108,"minecraft:total_world_time":21108,"minecraft:fly_one_cm":5557}},"DataVersion":3337}