{"stats":{"minecraft:dropped":{"dedsafioitems:dedita_multicolor":2,"minecraft:diamond_chestplate":1,"dedsafioitems:dedita_naranja":2,"dedsafioitems:dedita_celeste":2,"dedsafioitems:dedita_verde":2,"dedsafioitems:cuchara_de_la_resureccion":1,"minecraft:diamond_leggings":1,"minecraft:diamond_helmet":1,"minecraft:diamond_boots":1,"dedsafioitems:dedita_rosada":2,"dedsafioitems:dedita_amarilla":2,"dedsafioitems:dedita_azul":3,"dedsafioitems:dedita_morada":2,"dedsafioitems:dedita_roja":2},"minecraft:picked_up":{"minecraft:book":1,"dedsafioitems:dedita_multicolor":4,"minecraft:feather":1,"dedsafioitems:cuchara_de_la_resureccion":2,"dedsafioitems:dedita_rosada":4,"dedsafioitems:dedita_morada":3,"dedsafioitems:dedita_roja":4,"dedsafioitems:dedita_amarilla":4,"dedsafioitems:dimensional_chestplate":1,"dedsafioitems:infernal_leggings":1,"dedsafioitems:espacial_helmet":1,"minecraft:ink_sac":1,"dedsafioitems:infernal_helmet":1,"dedsafioitems:dedita_azul":4,"dedsafioitems:espacial_boots":1,"dedsafioitems:espacial_chestplate":1,"dedsafioitems:dimensional_boots":1,"dedsafioitems:dedita_verde":4,"dedsafioitems:espacial_leggings":1,"minecraft:diamond_chestplate":2,"dedsafioitems:dedita_naranja":3,"minecraft:diamond_leggings":2,"dedsafioitems:dimensional_helmet":1,"minecraft:diamond_boots":2,"dedsafioitems:infernal_boots":1,"dedsafioitems:infernal_chestplate":1,"minecraft:diamond_helmet":2,"dedsafioitems:dedita_celeste":3,"dedsafioitems:dimensional_leggings":1},"minecraft:mined":{"minecraft:sweet_berry_bush":1,"minecraft:spruce_leaves":4},"minecraft:used":{"minecraft:oak_trapdoor":1,"minecraft:oak_fence":5,"minecraft:diamond_boots":2,"minecraft:grass_block":34,"minecraft:diamond_chestplate":2,"minecraft:sweet_berries":13,"minecraft:diamond_helmet":2,"minecraft:glass_pane":1,"minecraft:cooked_beef":5,"minecraft:diamond_leggings":2},"minecraft:crafted":{"minecraft:writable_book":2},"minecraft:custom":{"minecraft:time_since_rest":69108,"minecraft:sprint_one_cm":14009,"minecraft:walk_one_cm":73176,"minecraft:damage_taken":510,"minecraft:drop":19,"minecraft:damage_dealt":10,"minecraft:interact_with_crafting_table":5,"minecraft:fly_one_cm":34118,"minecraft:crouch_one_cm":24018,"minecraft:play_time":69108,"minecraft:sneak_time":8656,"minecraft:jump":1210,"minecraft:time_since_death":69108,"minecraft:total_world_time":69108,"minecraft:fall_one_cm":15802}},"DataVersion":3337}