{"stats":{"minecraft:dropped":{"dedsafioitems:dedita_multicolor":2,"minecraft:diamond_chestplate":1,"dedsafioitems:dedita_naranja":2,"dedsafioitems:dedita_celeste":2,"dedsafioitems:dedita_verde":2,"dedsafioitems:cuchara_de_la_resureccion":1,"minecraft:diamond_leggings":1,"minecraft:diamond_helmet":1,"minecraft:diamond_boots":1,"dedsafioitems:dedita_rosada":2,"dedsafioitems:dedita_amarilla":2,"dedsafioitems:dedita_azul":3,"dedsafioitems:dedita_morada":2,"dedsafioitems:dedita_roja":2},"minecraft:picked_up":{"dedsafioitems:dedita_multicolor":4,"dedsafioitems:cuchara_de_la_resureccion":2,"dedsafioitems:dedita_rosada":4,"dedsafioitems:dedita_morada":3,"dedsafioitems:dedita_roja":4,"dedsafioitems:dedita_amarilla":4,"dedsafioitems:dimensional_chestplate":1,"dedsafioitems:infernal_leggings":1,"dedsafioitems:espacial_helmet":1,"dedsafioitems:infernal_helmet":1,"dedsafioitems:dedita_azul":4,"dedsafioitems:espacial_boots":1,"dedsafioitems:espacial_chestplate":1,"dedsafioitems:dimensional_boots":1,"dedsafioitems:dedita_verde":4,"dedsafioitems:espacial_leggings":1,"minecraft:diamond_chestplate":1,"dedsafioitems:dedita_naranja":3,"minecraft:diamond_leggings":1,"dedsafioitems:dimensional_helmet":1,"minecraft:diamond_boots":1,"dedsafioitems:infernal_boots":1,"dedsafioitems:infernal_chestplate":1,"minecraft:diamond_helmet":1,"dedsafioitems:dedita_celeste":3,"dedsafioitems:dimensional_leggings":1},"minecraft:mined":{"minecraft:sweet_berry_bush":1},"minecraft:used":{"minecraft:oak_fence":5,"minecraft:diamond_boots":1,"minecraft:grass_block":27,"minecraft:diamond_chestplate":1,"minecraft:sweet_berries":13,"minecraft:diamond_helmet":1,"minecraft:glass_pane":1,"minecraft:diamond_leggings":1},"minecraft:custom":{"minecraft:time_since_rest":57108,"minecraft:sprint_one_cm":8584,"minecraft:walk_one_cm":61262,"minecraft:damage_taken":60,"minecraft:drop":19,"minecraft:damage_dealt":10,"minecraft:fly_one_cm":13724,"minecraft:crouch_one_cm":19148,"minecraft:play_time":57108,"minecraft:sneak_time":7221,"minecraft:jump":1015,"minecraft:time_since_death":57108,"minecraft:total_world_time":57108,"minecraft:fall_one_cm":5819}},"DataVersion":3337}