{"stats":{"minecraft:picked_up":{"dedsafioitems:espacial_chestplate":1,"dedsafioitems:infernal_leggings":1,"dedsafioitems:espacial_leggings":1,"dedsafioitems:espacial_helmet":1,"dedsafioitems:infernal_chestplate":1,"dedsafioitems:infernal_helmet":1,"dedsafioitems:espacial_boots":1,"dedsafioitems:infernal_boots":1},"minecraft:custom":{"minecraft:jump":96,"minecraft:time_since_rest":9108,"minecraft:damage_dealt":10,"minecraft:crouch_one_cm":2150,"minecraft:sprint_one_cm":2517,"minecraft:play_time":9108,"minecraft:time_since_death":9108,"minecraft:walk_one_cm":3748,"minecraft:sneak_time":1495,"minecraft:total_world_time":9108,"minecraft:fly_one_cm":2989}},"DataVersion":3337}