{"stats":{"minecraft:dropped":{"dedsafioitems:dedita_multicolor":2,"minecraft:diamond_chestplate":1,"dedsafioitems:dedita_naranja":2,"dedsafioitems:dedita_celeste":2,"dedsafioitems:dedita_verde":2,"dedsafioitems:cuchara_de_la_resureccion":1,"minecraft:diamond_leggings":1,"minecraft:diamond_helmet":1,"minecraft:diamond_boots":1,"dedsafioitems:dedita_rosada":2,"minecraft:apple":16,"dedsafioitems:dedita_amarilla":2,"dedsafioitems:dedita_azul":3,"dedsafioitems:dedita_morada":2,"minecraft:gold_ingot":64,"dedsafioitems:dedita_roja":2},"minecraft:picked_up":{"minecraft:book":1,"dedsafioitems:dedita_multicolor":4,"minecraft:feather":1,"dedsafioitems:cuchara_de_la_resureccion":2,"minecraft:ladder":1,"dedsafioitems:dedita_rosada":4,"dedsafioitems:dedita_morada":3,"dedsafioitems:dedita_roja":4,"dedsafioitems:dedita_amarilla":4,"dedsafioitems:dimensional_chestplate":1,"dedsafioitems:infernal_leggings":1,"dedsafioitems:espacial_helmet":1,"minecraft:ink_sac":1,"dedsafioitems:infernal_helmet":1,"dedsafioitems:dedita_azul":4,"dedsafioitems:espacial_boots":1,"dedsafioitems:espacial_chestplate":1,"dedsafioitems:dimensional_boots":1,"dedsafioitems:dedita_verde":4,"dedsafioitems:espacial_leggings":1,"minecraft:diamond_chestplate":2,"dedsafioitems:dedita_naranja":3,"minecraft:diamond_leggings":2,"dedsafioitems:dimensional_helmet":1,"minecraft:diamond_boots":2,"dedsafioitems:infernal_boots":1,"dedsafioitems:infernal_chestplate":1,"minecraft:diamond_helmet":2,"dedsafioitems:dedita_celeste":3,"dedsafioitems:dimensional_leggings":1},"minecraft:mined":{"minecraft:sweet_berry_bush":1,"minecraft:spruce_leaves":4},"minecraft:used":{"minecraft:oak_log":36,"minecraft:oak_trapdoor":1,"minecraft:oak_fence":5,"minecraft:diamond_boots":2,"minecraft:grass_block":34,"minecraft:ladder":13,"minecraft:diamond_chestplate":2,"minecraft:oak_slab":16,"minecraft:sweet_berries":13,"minecraft:diamond_helmet":2,"minecraft:glass_pane":6,"minecraft:cooked_beef":9,"minecraft:diamond_leggings":2},"minecraft:crafted":{"minecraft:writable_book":2},"minecraft:custom":{"minecraft:time_since_rest":81108,"minecraft:sprint_one_cm":19220,"minecraft:walk_one_cm":80160,"minecraft:damage_taken":900,"minecraft:drop":21,"minecraft:damage_dealt":10,"minecraft:interact_with_crafting_table":5,"minecraft:fly_one_cm":60293,"minecraft:crouch_one_cm":33211,"minecraft:play_time":81108,"minecraft:sneak_time":11744,"minecraft:jump":1430,"minecraft:time_since_death":81108,"minecraft:climb_one_cm":726,"minecraft:total_world_time":81108,"minecraft:fall_one_cm":22816}},"DataVersion":3337}