{"stats":{"minecraft:mined":{"minecraft:grass":1,"minecraft:poppy":1},"minecraft:custom":{"minecraft:jump":35,"minecraft:time_since_rest":1630,"minecraft:play_one_minute":1630,"minecraft:sprint_one_cm":1423,"minecraft:damage_taken":60,"minecraft:time_since_death":1630,"minecraft:walk_one_cm":3751,"minecraft:sneak_time":42,"minecraft:climb_one_cm":1748,"minecraft:fall_one_cm":1748,"minecraft:fly_one_cm":2056},"minecraft:picked_up":{"minecraft:poppy":1},"minecraft:used":{"minecraft:poppy":1,"alexsmobs:animal_dictionary":1}},"DataVersion":2586}