{"stats":{"minecraft:killed":{"minecraft:skeleton":2,"minecraft:zombie":2,"alexsmobs:tasmanian_devil":1},"minecraft:mined":{"dtbyg:rainbow_eucalyptus_root":1,"minecraft:jungle_leaves":2,"minecraft:crafting_table":3,"minecraft:grass":3,"dtbyg:rainbow_eucalyptus_sapling":1,"minecraft:poppy":1,"minecraft:jungle_log":4,"croptopia:kumquat_crop":1},"minecraft:custom":{"minecraft:time_since_rest":5081,"minecraft:sprint_one_cm":25984,"minecraft:damage_taken":1716,"minecraft:walk_one_cm":24577,"minecraft:mob_kills":5,"minecraft:damage_dealt":1114,"minecraft:swim_one_cm":1443,"minecraft:interact_with_crafting_table":2,"minecraft:fly_one_cm":50604,"minecraft:crouch_one_cm":2084,"minecraft:play_one_minute":13630,"tombstone:undead_killed":4,"minecraft:deaths":3,"minecraft:sneak_time":606,"minecraft:walk_under_water_one_cm":1383,"minecraft:boat_one_cm":84111,"minecraft:jump":411,"minecraft:time_since_death":5249,"minecraft:walk_on_water_one_cm":787,"minecraft:climb_one_cm":2753,"minecraft:fall_one_cm":9218},"minecraft:picked_up":{"byg:mahogany_log":8,"minecraft:stick":37,"minecraft:crafting_table":3,"dtbyg:rainbow_eucalyptus_seed":5,"minecraft:jungle_log":4,"dtbyg:mahogany_seed":7,"byg:mahogany_boat":1,"byg:blue_sand":7,"minecraft:bone":2,"minecraft:arrow":2,"byg:rainbow_eucalyptus_log":40,"minecraft:rotten_flesh":2,"minecraft:jungle_sapling":1,"minecraft:poppy":1},"minecraft:crafted":{"minecraft:crafting_table":1,"minecraft:stick":8,"minecraft:wooden_axe":1,"byg:mahogany_planks":20,"byg:mahogany_boat":1,"minecraft:jungle_planks":16},"minecraft:used":{"minecraft:wooden_axe":27,"minecraft:poppy":1,"minecraft:crafting_table":2,"byg:mahogany_boat":1,"dtbyg:rainbow_eucalyptus_seed":1,"byg:blue_sand":7,"alexsmobs:animal_dictionary":1}},"DataVersion":2586}