{"stats":{"minecraft:killed":{"minecraft:sheep":4,"minecraft:skeleton":2,"minecraft:zombie":2,"minecraft:chicken":1,"alexsmobs:tasmanian_devil":1},"minecraft:broken":{"minecraft:wooden_axe":1},"minecraft:mined":{"dtbyg:rainbow_eucalyptus_root":1,"minecraft:jungle_leaves":2,"byg:short_grass":1,"minecraft:andesite":4,"minecraft:crafting_table":4,"minecraft:grass":4,"dtbyg:rainbow_eucalyptus_sapling":2,"minecraft:poppy":1,"minecraft:jungle_log":4,"croptopia:kumquat_crop":1,"minecraft:stone":20,"byg:tall_prairie_grass":1},"minecraft:custom":{"minecraft:time_since_rest":11225,"minecraft:sprint_one_cm":39936,"minecraft:damage_taken":1736,"minecraft:walk_one_cm":41594,"minecraft:mob_kills":10,"minecraft:damage_dealt":1474,"minecraft:swim_one_cm":1443,"minecraft:interact_with_crafting_table":3,"minecraft:fly_one_cm":95519,"minecraft:crouch_one_cm":2246,"minecraft:play_one_minute":19774,"tombstone:undead_killed":4,"minecraft:deaths":3,"minecraft:sneak_time":629,"minecraft:walk_under_water_one_cm":1528,"minecraft:boat_one_cm":84111,"minecraft:jump":631,"minecraft:leave_game":1,"minecraft:time_since_death":11393,"minecraft:walk_on_water_one_cm":1139,"minecraft:climb_one_cm":2753,"minecraft:fall_one_cm":16039},"minecraft:picked_up":{"byg:mahogany_log":8,"minecraft:stick":37,"minecraft:crafting_table":4,"minecraft:chicken":1,"minecraft:feather":1,"dtbyg:rainbow_eucalyptus_seed":6,"minecraft:andesite":3,"minecraft:jungle_log":4,"dtbyg:mahogany_seed":7,"byg:mahogany_boat":1,"byg:blue_sand":7,"minecraft:bone":2,"minecraft:arrow":2,"byg:rainbow_eucalyptus_log":40,"minecraft:rotten_flesh":2,"minecraft:apple":5,"minecraft:jungle_sapling":1,"minecraft:poppy":1,"minecraft:mutton":6,"minecraft:cobblestone":20,"minecraft:white_wool":4},"minecraft:crafted":{"minecraft:crafting_table":1,"minecraft:stick":8,"minecraft:wooden_pickaxe":1,"minecraft:wooden_axe":2,"byg:mahogany_planks":32,"byg:mahogany_boat":1,"minecraft:jungle_planks":16},"minecraft:used":{"minecraft:wooden_axe":35,"minecraft:apple":4,"minecraft:poppy":1,"minecraft:wooden_pickaxe":25,"minecraft:crafting_table":3,"byg:mahogany_boat":1,"dtbyg:rainbow_eucalyptus_seed":2,"byg:blue_sand":7,"minecraft:jungle_planks":2,"alexsmobs:animal_dictionary":1}},"DataVersion":2586}