{"stats":{"minecraft:used":{"minecraft:enchanting_table":4,"minecraft:flint_and_steel":25,"minecraft:spruce_slab":63,"minecraft:poppy":7,"minecraft:chest":1,"minecraft:spruce_planks":152,"minecraft:shield":14,"minecraft:rotten_flesh":2,"minecraft:iron_chestplate":2,"minecraft:torch":17,"minecraft:dirt":11,"minecraft:carrot":1,"minecraft:diamond_helmet":1,"minecraft:golden_chestplate":1,"minecraft:tuff":3,"minecraft:granite":1,"minecraft:obsidian":10,"minecraft:spruce_boat":2,"minecraft:lava_bucket":8,"minecraft:iron_axe":64,"minecraft:iron_helmet":1,"minecraft:iron_boots":2,"minecraft:diamond_chestplate":2,"minecraft:furnace":7,"minecraft:gray_bed":1,"minecraft:egg":2,"minecraft:potato":1,"minecraft:cooked_beef":8,"minecraft:cobbled_deepslate":565,"minecraft:iron_leggings":2,"minecraft:calcite":1,"minecraft:cooked_mutton":16,"minecraft:water_bucket":68,"minecraft:diorite":4,"minecraft:diamond_boots":2,"minecraft:stone_pickaxe":44,"minecraft:oak_planks":9,"minecraft:wooden_pickaxe":7,"minecraft:blue_bed":2,"minecraft:sand":2,"minecraft:rail":1,"minecraft:oak_slab":8,"minecraft:tnt":1,"minecraft:crafting_table":15,"minecraft:red_bed":1,"minecraft:white_bed":5,"minecraft:shears":173,"minecraft:diamond_pickaxe":892,"minecraft:bread":25,"minecraft:iron_pickaxe":106,"minecraft:leather_helmet":1,"minecraft:spruce_trapdoor":2,"minecraft:gravel":6,"minecraft:stone_axe":167,"minecraft:fishing_rod":52,"minecraft:diamond_sword":150,"minecraft:cobblestone":70,"minecraft:cooked_porkchop":2,"minecraft:bucket":75,"minecraft:dandelion":1,"minecraft:diamond_leggings":2,"minecraft:gray_wool":412},"minecraft:killed":{"minecraft:skeleton":5,"minecraft:chicken":4,"minecraft:warden":2,"minecraft:magma_cube":6,"minecraft:piglin":2,"minecraft:pig":2,"minecraft:iron_golem":3,"minecraft:creeper":4,"minecraft:sheep":3,"minecraft:zombie":29,"minecraft:ghast":1,"minecraft:cow":6,"minecraft:enderman":1},"minecraft:custom":{"minecraft:mob_kills":69,"minecraft:interact_with_crafting_table":46,"minecraft:leave_game":8,"minecraft:time_since_death":28526,"minecraft:climb_one_cm":569,"minecraft:sprint_one_cm":572964,"minecraft:walk_one_cm":451045,"minecraft:damage_blocked_by_shield":612,"minecraft:drop":89,"minecraft:play_time":206535,"minecraft:sneak_time":42484,"minecraft:deaths":2,"minecraft:walk_under_water_one_cm":6413,"minecraft:jump":4747,"minecraft:walk_on_water_one_cm":18682,"minecraft:enchant_item":11,"minecraft:total_world_time":206535,"minecraft:interact_with_furnace":98,"minecraft:sleep_in_bed":4,"minecraft:time_since_rest":8481,"minecraft:damage_taken":2485,"minecraft:damage_dealt":23958,"minecraft:swim_one_cm":6811,"minecraft:player_kills":2,"minecraft:fly_one_cm":987776,"minecraft:open_chest":44,"minecraft:crouch_one_cm":133667,"minecraft:fall_one_cm":107755},"minecraft:picked_up":{"minecraft:fishing_rod":1,"minecraft:crafting_table":12,"minecraft:chicken":3,"minecraft:lead":1,"minecraft:diamond_sword":1,"minecraft:wooden_pickaxe":1,"minecraft:enchanted_book":3,"minecraft:shield":1,"minecraft:music_disc_cat":1,"minecraft:red_bed":1,"minecraft:diamond_leggings":2,"minecraft:cobbled_deepslate":750,"minecraft:bucket":1,"minecraft:spruce_planks":23,"minecraft:beef":15,"minecraft:calcite":4,"minecraft:iron_pickaxe":1,"minecraft:poppy":10,"minecraft:spruce_slab":1,"minecraft:sugar_cane":33,"minecraft:spruce_trapdoor":1,"minecraft:furnace":5,"minecraft:egg":2,"minecraft:stick":2,"minecraft:raw_iron":55,"minecraft:torch":5,"minecraft:porkchop":5,"minecraft:diorite":4,"minecraft:carrot":1,"minecraft:redstone":42,"minecraft:golden_chestplate":2,"minecraft:diamond_chestplate":1,"minecraft:rotten_flesh":25,"minecraft:golden_hoe":1,"minecraft:shears":2,"minecraft:diamond_boots":1,"minecraft:obsidian":7,"minecraft:mutton":5,"minecraft:rail":1,"minecraft:white_wool":3,"minecraft:cobblestone":111,"minecraft:enchanting_table":3,"minecraft:feather":3,"minecraft:andesite":11,"minecraft:leather":6,"minecraft:potato":1,"minecraft:filled_map":1,"minecraft:flint":2,"minecraft:tuff":40,"minecraft:stripped_spruce_wood":10,"minecraft:oak_log":10,"minecraft:gunpowder":7,"minecraft:silence_armor_trim_smithing_template":1,"minecraft:lapis_lazuli":35,"minecraft:dirt":29,"minecraft:blue_bed":2,"minecraft:cooked_mutton":3,"minecraft:bone":2,"minecraft:wheat_seeds":1,"minecraft:raw_gold":6,"minecraft:stone_pickaxe":2,"minecraft:iron_ingot":42,"minecraft:diamond_helmet":1,"minecraft:oak_planks":29,"minecraft:sculk_catalyst":2,"minecraft:smooth_basalt":13,"minecraft:music_disc_13":1,"minecraft:dandelion":1,"minecraft:gravel":9,"minecraft:sand":2,"minecraft:stripped_spruce_log":43,"minecraft:white_bed":5,"minecraft:mossy_cobblestone":1,"minecraft:diamond":24,"minecraft:spruce_boat":2,"minecraft:stone_axe":2,"minecraft:granite":1,"minecraft:golden_apple":1,"minecraft:gray_wool":198,"minecraft:bread":9,"minecraft:black_wool":2,"minecraft:coal":30,"minecraft:diamond_pickaxe":2},"minecraft:crafted":{"minecraft:oak_planks":40,"minecraft:furnace":6,"minecraft:cooked_mutton":5,"minecraft:flint_and_steel":2,"minecraft:diamond_helmet":1,"minecraft:diamond_leggings":1,"minecraft:iron_boots":1,"minecraft:iron_axe":1,"minecraft:spruce_slab":66,"minecraft:stone_pickaxe":1,"minecraft:chest":1,"minecraft:diamond_boots":1,"minecraft:spruce_boat":1,"minecraft:gray_bed":1,"minecraft:cooked_beef":14,"minecraft:red_dye":1,"minecraft:oak_slab":12,"minecraft:diamond_sword":1,"minecraft:cooked_porkchop":5,"minecraft:crafting_table":6,"minecraft:spruce_planks":212,"minecraft:enchanting_table":1,"minecraft:iron_helmet":1,"minecraft:wooden_pickaxe":1,"minecraft:leather_helmet":2,"minecraft:bucket":1,"minecraft:stone_axe":2,"minecraft:air":0,"minecraft:spruce_trapdoor":2,"minecraft:iron_chestplate":1,"minecraft:book":1,"minecraft:paper":3,"minecraft:diamond_pickaxe":1,"minecraft:shield":1,"minecraft:stick":24,"minecraft:iron_ingot":34,"minecraft:iron_pickaxe":1,"minecraft:iron_leggings":1,"minecraft:torch":12,"minecraft:shears":2,"minecraft:diamond_chestplate":1},"minecraft:broken":{"minecraft:stone_axe":1},"minecraft:dropped":{"minecraft:bread":25,"minecraft:wheat_seeds":1,"minecraft:cooked_beef":4,"minecraft:mossy_cobblestone":1,"minecraft:diamond":12,"minecraft:cooked_porkchop":1,"minecraft:diamond_leggings":1,"minecraft:cobblestone":1,"minecraft:leather":1,"minecraft:coal":8,"minecraft:stick":3,"minecraft:dirt":3,"minecraft:iron_leggings":1,"minecraft:golden_hoe":1,"minecraft:smooth_basalt":1,"minecraft:bone":3,"minecraft:gravel":1,"minecraft:stone_axe":1,"minecraft:sugar_cane":3,"minecraft:golden_chestplate":2,"minecraft:obsidian":2,"minecraft:rotten_flesh":23,"minecraft:iron_boots":1,"minecraft:cooked_mutton":15,"minecraft:shears":1,"minecraft:filled_map":1,"minecraft:poppy":2,"minecraft:gunpowder":7,"minecraft:diamond_pickaxe":1,"minecraft:iron_chestplate":1,"minecraft:andesite":5,"minecraft:wooden_pickaxe":1,"minecraft:stone_pickaxe":1,"minecraft:calcite":3},"minecraft:mined":{"minecraft:tuff":67,"minecraft:spruce_planks":25,"minecraft:white_bed":5,"minecraft:farmland":2,"minecraft:deepslate_diamond_ore":31,"minecraft:obsidian":5,"minecraft:spruce_trapdoor":3,"minecraft:granite":1,"minecraft:grass_block":16,"minecraft:furnace":5,"minecraft:carrots":1,"minecraft:iron_ore":25,"minecraft:cobbled_deepslate":96,"minecraft:fire":22,"minecraft:andesite":6,"minecraft:stripped_spruce_log":42,"minecraft:deepslate_lapis_ore":5,"minecraft:enchanting_table":1,"minecraft:sculk_shrieker":1,"minecraft:deepslate_iron_ore":5,"minecraft:dirt_path":2,"minecraft:rail":1,"minecraft:stone":96,"minecraft:spruce_slab":1,"minecraft:deepslate_redstone_ore":5,"minecraft:red_bed":1,"minecraft:crafting_table":8,"minecraft:short_grass":2,"minecraft:poppy":1,"minecraft:tall_grass":2,"minecraft:cobblestone":7,"minecraft:sugar_cane":9,"minecraft:oak_planks":1,"minecraft:sculk":13,"minecraft:diorite":5,"minecraft:wall_torch":1,"minecraft:blue_bed":2,"minecraft:gray_wool":173,"minecraft:stripped_spruce_wood":10,"minecraft:ice":50,"minecraft:oak_log":10,"minecraft:coal_ore":12,"minecraft:gravel":18,"minecraft:sand":2,"minecraft:dirt":15,"minecraft:smooth_basalt":1,"minecraft:gold_ore":6,"minecraft:deepslate":578},"minecraft:killed_by":{"minecraft:player":1,"minecraft:warden":1}},"DataVersion":3700}