{"stats":{"minecraft:used":{"minecraft:water_bucket":9,"minecraft:flint_and_steel":4,"minecraft:stone_pickaxe":44,"minecraft:spruce_slab":63,"minecraft:poppy":4,"minecraft:oak_planks":9,"minecraft:shield":2,"minecraft:chest":1,"minecraft:spruce_planks":133,"minecraft:wooden_pickaxe":7,"minecraft:blue_bed":2,"minecraft:iron_chestplate":1,"minecraft:torch":8,"minecraft:dirt":9,"minecraft:sand":2,"minecraft:oak_slab":8,"minecraft:crafting_table":10,"minecraft:red_bed":1,"minecraft:carrot":1,"minecraft:white_bed":5,"minecraft:golden_chestplate":1,"minecraft:spruce_boat":2,"minecraft:lava_bucket":6,"minecraft:bread":2,"minecraft:iron_pickaxe":12,"minecraft:leather_helmet":1,"minecraft:spruce_trapdoor":2,"minecraft:gravel":6,"minecraft:stone_axe":154,"minecraft:cobblestone":15,"minecraft:furnace":2,"minecraft:bucket":16,"minecraft:egg":2,"minecraft:potato":1,"minecraft:cooked_beef":6,"minecraft:dandelion":1},"minecraft:killed":{"minecraft:pig":2,"minecraft:iron_golem":1,"minecraft:creeper":1,"minecraft:sheep":3,"minecraft:skeleton":1,"minecraft:chicken":4,"minecraft:enderman":1,"minecraft:cow":6},"minecraft:custom":{"minecraft:interact_with_furnace":14,"minecraft:mob_kills":19,"minecraft:interact_with_crafting_table":19,"minecraft:leave_game":3,"minecraft:time_since_death":44947,"minecraft:sleep_in_bed":3,"minecraft:time_since_rest":11288,"minecraft:sprint_one_cm":180415,"minecraft:damage_taken":566,"minecraft:walk_one_cm":171901,"minecraft:damage_blocked_by_shield":130,"minecraft:drop":7,"minecraft:damage_dealt":3466,"minecraft:swim_one_cm":2721,"minecraft:fly_one_cm":289077,"minecraft:player_kills":2,"minecraft:open_chest":15,"minecraft:crouch_one_cm":8604,"minecraft:play_time":53147,"minecraft:deaths":1,"minecraft:sneak_time":2582,"minecraft:walk_under_water_one_cm":2192,"minecraft:jump":1194,"minecraft:walk_on_water_one_cm":5702,"minecraft:total_world_time":53147,"minecraft:fall_one_cm":33795},"minecraft:picked_up":{"minecraft:crafting_table":10,"minecraft:feather":3,"minecraft:chicken":3,"minecraft:leather":6,"minecraft:wooden_pickaxe":1,"minecraft:potato":1,"minecraft:filled_map":1,"minecraft:flint":2,"minecraft:stripped_spruce_wood":10,"minecraft:oak_log":10,"minecraft:gunpowder":2,"minecraft:blue_bed":2,"minecraft:dirt":26,"minecraft:red_bed":1,"minecraft:bone":2,"minecraft:wheat_seeds":1,"minecraft:raw_gold":6,"minecraft:spruce_planks":23,"minecraft:iron_ingot":5,"minecraft:stone_pickaxe":1,"minecraft:beef":15,"minecraft:spruce_slab":1,"minecraft:poppy":5,"minecraft:sugar_cane":33,"minecraft:oak_planks":29,"minecraft:spruce_trapdoor":1,"minecraft:egg":2,"minecraft:furnace":1,"minecraft:raw_iron":7,"minecraft:stick":2,"minecraft:torch":4,"minecraft:dandelion":1,"minecraft:gravel":7,"minecraft:porkchop":5,"minecraft:sand":2,"minecraft:carrot":1,"minecraft:stripped_spruce_log":43,"minecraft:white_bed":5,"minecraft:golden_chestplate":1,"minecraft:spruce_boat":2,"minecraft:stone_axe":2,"minecraft:granite":1,"minecraft:mutton":5,"minecraft:coal":23,"minecraft:white_wool":3,"minecraft:cobblestone":39},"minecraft:crafted":{"minecraft:cooked_beef":7,"minecraft:red_dye":1,"minecraft:oak_slab":12,"minecraft:oak_planks":40,"minecraft:crafting_table":4,"minecraft:spruce_planks":212,"minecraft:wooden_pickaxe":1,"minecraft:furnace":1,"minecraft:leather_helmet":2,"minecraft:bucket":1,"minecraft:stone_axe":2,"minecraft:air":0,"minecraft:flint_and_steel":1,"minecraft:spruce_trapdoor":2,"minecraft:iron_chestplate":1,"minecraft:shield":1,"minecraft:spruce_slab":66,"minecraft:stick":16,"minecraft:iron_pickaxe":1,"minecraft:stone_pickaxe":1,"minecraft:chest":1,"minecraft:spruce_boat":1,"minecraft:torch":4},"minecraft:broken":{"minecraft:stone_axe":1},"minecraft:dropped":{"minecraft:bread":1,"minecraft:stone_axe":1,"minecraft:wheat_seeds":1,"minecraft:cooked_beef":1,"minecraft:filled_map":1,"minecraft:dirt":3,"minecraft:wooden_pickaxe":1},"minecraft:mined":{"minecraft:spruce_planks":25,"minecraft:white_bed":5,"minecraft:farmland":2,"minecraft:red_bed":1,"minecraft:crafting_table":6,"minecraft:spruce_trapdoor":3,"minecraft:granite":1,"minecraft:short_grass":2,"minecraft:grass_block":14,"minecraft:poppy":1,"minecraft:tall_grass":2,"minecraft:cobblestone":2,"minecraft:sugar_cane":9,"minecraft:oak_planks":1,"minecraft:wall_torch":1,"minecraft:blue_bed":2,"minecraft:furnace":1,"minecraft:carrots":1,"minecraft:stripped_spruce_wood":10,"minecraft:iron_ore":5,"minecraft:fire":4,"minecraft:ice":2,"minecraft:stripped_spruce_log":42,"minecraft:oak_log":10,"minecraft:coal_ore":12,"minecraft:dirt_path":2,"minecraft:gravel":11,"minecraft:sand":2,"minecraft:dirt":11,"minecraft:stone":31,"minecraft:gold_ore":6,"minecraft:spruce_slab":1},"minecraft:killed_by":{"minecraft:player":1}},"DataVersion":3700}