{"stats":{"minecraft:killed":{"friendsandfoes:mauler":1},"minecraft:dropped":{"dedsafioitems:dedita_multicolor":3,"dedsafioitems:dedita_azul":2,"dedsafioitems:dedita_naranja":1,"dedsafioitems:dedita_celeste":2,"dedsafioitems:cuchara_de_la_resureccion":3},"minecraft:crafted":{"friendsandfoes:wildfire_crown":5},"minecraft:used":{"minecraft:netherite_sword":2,"friendsandfoes:mauler_spawn_egg":1,"minecraft:crafting_table":2,"minecraft:smithing_table":1,"minecraft:dark_oak_leaves":11},"minecraft:custom":{"minecraft:time_since_rest":161587,"minecraft:interact_with_smithing_table":1,"minecraft:damage_taken":20,"minecraft:crouch_one_cm":6712,"minecraft:sprint_one_cm":224237,"minecraft:play_time":267584,"minecraft:deaths":1,"minecraft:walk_one_cm":55757,"minecraft:sneak_time":1788,"minecraft:mob_kills":1,"minecraft:drop":11,"minecraft:jump":1833,"minecraft:damage_dealt":200,"minecraft:leave_game":4,"minecraft:time_since_death":161573,"minecraft:total_world_time":267584,"minecraft:interact_with_crafting_table":9,"minecraft:fall_one_cm":4166,"minecraft:fly_one_cm":458995},"minecraft:picked_up":{"dedsafioitems:dedita_multicolor":3,"dedsafioitems:cuchara_de_la_resureccion":3,"dedsafioitems:dedita_naranja":1,"dedsafioitems:dedita_celeste":2,"dedsafioitems:dedita_azul":2}},"DataVersion":3337}