{"stats":{"minecraft:dropped":{"dedsafioitems:dedita_multicolor":3,"dedsafioitems:dedita_azul":2,"dedsafioitems:dedita_naranja":1,"dedsafioitems:dedita_celeste":1,"dedsafioitems:cuchara_de_la_resureccion":3},"minecraft:picked_up":{"dedsafioitems:dedita_multicolor":3,"dedsafioitems:cuchara_de_la_resureccion":3,"dedsafioitems:dedita_naranja":1,"dedsafioitems:dedita_celeste":1,"dedsafioitems:dedita_azul":2},"minecraft:used":{"minecraft:netherite_sword":2,"friendsandfoes:mauler_spawn_egg":1,"minecraft:smithing_table":1,"minecraft:dark_oak_leaves":1},"minecraft:killed":{"friendsandfoes:mauler":1},"minecraft:custom":{"minecraft:time_since_rest":95579,"minecraft:interact_with_smithing_table":1,"minecraft:crouch_one_cm":3937,"minecraft:sprint_one_cm":123984,"minecraft:play_time":95579,"minecraft:walk_one_cm":34212,"minecraft:sneak_time":809,"minecraft:mob_kills":1,"minecraft:drop":10,"minecraft:jump":997,"minecraft:damage_dealt":200,"minecraft:leave_game":2,"minecraft:time_since_death":95579,"minecraft:total_world_time":95579,"minecraft:fall_one_cm":2926,"minecraft:fly_one_cm":252651}},"DataVersion":3337}