{"stats":{"minecraft:dropped":{"dedsafioitems:dedita_multicolor":1,"dedsafioitems:dedita_naranja":1,"dedsafioitems:dedita_celeste":1,"dedsafioitems:cuchara_de_la_resureccion":3},"minecraft:picked_up":{"dedsafioitems:dedita_multicolor":1,"dedsafioitems:cuchara_de_la_resureccion":3,"dedsafioitems:dedita_naranja":1,"dedsafioitems:dedita_celeste":1},"minecraft:used":{"minecraft:netherite_sword":2,"friendsandfoes:mauler_spawn_egg":1,"minecraft:dark_oak_leaves":1},"minecraft:killed":{"friendsandfoes:mauler":1},"minecraft:custom":{"minecraft:time_since_rest":47579,"minecraft:crouch_one_cm":2861,"minecraft:sprint_one_cm":66816,"minecraft:play_time":47579,"minecraft:walk_one_cm":20648,"minecraft:sneak_time":591,"minecraft:mob_kills":1,"minecraft:drop":6,"minecraft:jump":610,"minecraft:damage_dealt":200,"minecraft:leave_game":2,"minecraft:time_since_death":47579,"minecraft:total_world_time":47579,"minecraft:fall_one_cm":209,"minecraft:fly_one_cm":161581}},"DataVersion":3337}