{"stats":{"minecraft:used":{"minecraft:enchanting_table":3,"minecraft:flint_and_steel":17,"minecraft:spruce_slab":63,"minecraft:poppy":4,"minecraft:chest":1,"minecraft:spruce_planks":152,"minecraft:shield":13,"minecraft:rotten_flesh":2,"minecraft:iron_chestplate":2,"minecraft:torch":16,"minecraft:dirt":11,"minecraft:carrot":1,"minecraft:golden_chestplate":1,"minecraft:tuff":3,"minecraft:granite":1,"minecraft:spruce_boat":2,"minecraft:lava_bucket":8,"minecraft:iron_axe":59,"minecraft:iron_helmet":1,"minecraft:iron_boots":2,"minecraft:diamond_chestplate":1,"minecraft:furnace":6,"minecraft:egg":2,"minecraft:potato":1,"minecraft:cooked_beef":6,"minecraft:cobbled_deepslate":33,"minecraft:iron_leggings":2,"minecraft:calcite":1,"minecraft:cooked_mutton":10,"minecraft:water_bucket":43,"minecraft:diamond_boots":1,"minecraft:stone_pickaxe":44,"minecraft:oak_planks":9,"minecraft:wooden_pickaxe":7,"minecraft:blue_bed":2,"minecraft:sand":2,"minecraft:rail":1,"minecraft:tnt":1,"minecraft:oak_slab":8,"minecraft:crafting_table":13,"minecraft:red_bed":1,"minecraft:white_bed":5,"minecraft:diamond_pickaxe":125,"minecraft:bread":5,"minecraft:iron_pickaxe":106,"minecraft:leather_helmet":1,"minecraft:spruce_trapdoor":2,"minecraft:gravel":6,"minecraft:stone_axe":167,"minecraft:diamond_sword":25,"minecraft:cobblestone":18,"minecraft:bucket":56,"minecraft:dandelion":1,"minecraft:diamond_leggings":1},"minecraft:killed":{"minecraft:skeleton":4,"minecraft:chicken":4,"minecraft:pig":2,"minecraft:iron_golem":1,"minecraft:creeper":4,"minecraft:sheep":3,"minecraft:zombie":29,"minecraft:cow":6,"minecraft:enderman":1},"minecraft:custom":{"minecraft:mob_kills":55,"minecraft:interact_with_crafting_table":40,"minecraft:leave_game":5,"minecraft:time_since_death":94749,"minecraft:sprint_one_cm":304130,"minecraft:walk_one_cm":273831,"minecraft:damage_blocked_by_shield":577,"minecraft:drop":46,"minecraft:play_time":102949,"minecraft:deaths":1,"minecraft:sneak_time":8100,"minecraft:walk_under_water_one_cm":3225,"minecraft:jump":2147,"minecraft:walk_on_water_one_cm":15090,"minecraft:enchant_item":10,"minecraft:total_world_time":102949,"minecraft:interact_with_furnace":83,"minecraft:sleep_in_bed":3,"minecraft:time_since_rest":61090,"minecraft:damage_taken":1184,"minecraft:damage_dealt":11230,"minecraft:swim_one_cm":4344,"minecraft:fly_one_cm":424448,"minecraft:player_kills":2,"minecraft:open_chest":18,"minecraft:crouch_one_cm":22591,"minecraft:fall_one_cm":59449},"minecraft:picked_up":{"minecraft:crafting_table":12,"minecraft:chicken":3,"minecraft:wooden_pickaxe":1,"minecraft:red_bed":1,"minecraft:cobbled_deepslate":102,"minecraft:spruce_planks":23,"minecraft:beef":15,"minecraft:calcite":4,"minecraft:poppy":7,"minecraft:spruce_slab":1,"minecraft:sugar_cane":33,"minecraft:spruce_trapdoor":1,"minecraft:furnace":5,"minecraft:egg":2,"minecraft:stick":2,"minecraft:raw_iron":54,"minecraft:torch":4,"minecraft:porkchop":5,"minecraft:carrot":1,"minecraft:golden_chestplate":2,"minecraft:rotten_flesh":25,"minecraft:golden_hoe":1,"minecraft:obsidian":5,"minecraft:mutton":5,"minecraft:rail":1,"minecraft:white_wool":3,"minecraft:cobblestone":51,"minecraft:enchanting_table":3,"minecraft:feather":3,"minecraft:andesite":5,"minecraft:leather":6,"minecraft:potato":1,"minecraft:filled_map":1,"minecraft:flint":2,"minecraft:tuff":17,"minecraft:stripped_spruce_wood":10,"minecraft:oak_log":10,"minecraft:gunpowder":7,"minecraft:dirt":26,"minecraft:lapis_lazuli":35,"minecraft:blue_bed":2,"minecraft:cooked_mutton":1,"minecraft:bone":2,"minecraft:wheat_seeds":1,"minecraft:raw_gold":6,"minecraft:stone_pickaxe":1,"minecraft:iron_ingot":10,"minecraft:oak_planks":29,"minecraft:smooth_basalt":1,"minecraft:music_disc_13":1,"minecraft:dandelion":1,"minecraft:gravel":7,"minecraft:sand":2,"minecraft:stripped_spruce_log":43,"minecraft:white_bed":5,"minecraft:diamond":17,"minecraft:spruce_boat":2,"minecraft:stone_axe":2,"minecraft:granite":1,"minecraft:coal":30},"minecraft:crafted":{"minecraft:oak_planks":40,"minecraft:furnace":5,"minecraft:cooked_mutton":5,"minecraft:flint_and_steel":1,"minecraft:diamond_leggings":1,"minecraft:iron_boots":1,"minecraft:iron_axe":1,"minecraft:spruce_slab":66,"minecraft:stone_pickaxe":1,"minecraft:chest":1,"minecraft:diamond_boots":1,"minecraft:spruce_boat":1,"minecraft:cooked_beef":7,"minecraft:red_dye":1,"minecraft:oak_slab":12,"minecraft:diamond_sword":1,"minecraft:crafting_table":4,"minecraft:spruce_planks":212,"minecraft:enchanting_table":1,"minecraft:wooden_pickaxe":1,"minecraft:iron_helmet":1,"minecraft:leather_helmet":2,"minecraft:bucket":1,"minecraft:stone_axe":2,"minecraft:air":0,"minecraft:spruce_trapdoor":2,"minecraft:iron_chestplate":1,"minecraft:book":1,"minecraft:paper":3,"minecraft:diamond_pickaxe":1,"minecraft:shield":1,"minecraft:stick":24,"minecraft:iron_ingot":34,"minecraft:iron_pickaxe":1,"minecraft:iron_leggings":1,"minecraft:torch":12,"minecraft:diamond_chestplate":1},"minecraft:broken":{"minecraft:stone_axe":1},"minecraft:dropped":{"minecraft:bread":2,"minecraft:wheat_seeds":1,"minecraft:cooked_beef":1,"minecraft:diamond":2,"minecraft:cobblestone":1,"minecraft:dirt":3,"minecraft:iron_leggings":1,"minecraft:golden_hoe":1,"minecraft:smooth_basalt":1,"minecraft:bone":2,"minecraft:stone_axe":1,"minecraft:golden_chestplate":2,"minecraft:rotten_flesh":6,"minecraft:iron_boots":1,"minecraft:cooked_mutton":13,"minecraft:filled_map":1,"minecraft:poppy":2,"minecraft:iron_chestplate":1,"minecraft:andesite":5,"minecraft:wooden_pickaxe":1,"minecraft:stone_pickaxe":1,"minecraft:calcite":3},"minecraft:mined":{"minecraft:tuff":18,"minecraft:spruce_planks":25,"minecraft:white_bed":5,"minecraft:farmland":2,"minecraft:deepslate_diamond_ore":15,"minecraft:obsidian":5,"minecraft:spruce_trapdoor":3,"minecraft:granite":1,"minecraft:grass_block":14,"minecraft:furnace":5,"minecraft:carrots":1,"minecraft:cobbled_deepslate":1,"minecraft:iron_ore":25,"minecraft:fire":11,"minecraft:stripped_spruce_log":42,"minecraft:deepslate_lapis_ore":5,"minecraft:enchanting_table":1,"minecraft:deepslate_iron_ore":4,"minecraft:dirt_path":2,"minecraft:rail":1,"minecraft:stone":35,"minecraft:spruce_slab":1,"minecraft:red_bed":1,"minecraft:crafting_table":8,"minecraft:short_grass":2,"minecraft:poppy":1,"minecraft:tall_grass":2,"minecraft:cobblestone":7,"minecraft:sugar_cane":9,"minecraft:oak_planks":1,"minecraft:sculk":13,"minecraft:diorite":1,"minecraft:blue_bed":2,"minecraft:wall_torch":1,"minecraft:stripped_spruce_wood":10,"minecraft:ice":2,"minecraft:oak_log":10,"minecraft:coal_ore":12,"minecraft:gravel":11,"minecraft:sand":2,"minecraft:dirt":11,"minecraft:smooth_basalt":1,"minecraft:gold_ore":6,"minecraft:deepslate":118},"minecraft:killed_by":{"minecraft:player":1}},"DataVersion":3700}