{"stats":{"minecraft:killed_by":{"minecraft:player":2},"minecraft:dropped":{"minecraft:wheat_seeds":33,"minecraft:cobblestone":4,"minecraft:saddle":1,"croptopia:soybean_seed":2,"minecraft:stick":1,"minecraft:emerald":26,"minecraft:dirt":2,"minecraft:torch":1,"byg:scoria_cobblestone":1,"dynamictrees:acacia_seed":4,"minecraft:stone_axe":11,"alexsmobs:tarantula_hawk_wing_fragment":1,"minecraft:stone_shovel":1,"farmersdelight:cabbage_seeds":1,"minecraft:rotten_flesh":1,"byg:rainbow_eucalyptus_boat":2,"minecraft:diamond_shovel":2,"croptopia:saguaro_seed":3,"minecraft:cooked_mutton":1,"minecraft:poppy":5,"byg:rainbow_eucalyptus_log":73,"minecraft:beetroot_seeds":68,"minecraft:chainmail_boots":2,"minecraft:spider_eye":1,"minecraft:stone_pickaxe":1},"minecraft:used":{"minecraft:shield":3,"minecraft:stone_hoe":20,"minecraft:orange_bed":2,"minecraft:dirt":1,"minecraft:carrot":20,"carryon:entity_item":8,"byg:rainbow_eucalyptus_trapdoor":6,"byg:rainbow_eucalyptus_planks":5,"carryon:tile_item":3,"farmersdelight:cutting_board":1,"dtbyg:rainbow_eucalyptus_seed":1,"minecraft:furnace":5,"tombstone:gift":3,"minecraft:cooked_mutton":2,"minecraft:water_bucket":15,"croptopia:saguaro":1,"minecraft:cow_spawn_egg":1,"minecraft:stone_pickaxe":118,"minecraft:oak_planks":13,"minecraft:wooden_pickaxe":4,"minecraft:composter":1,"byg:rainbow_eucalyptus_slab":28,"minecraft:green_bed":3,"minecraft:sand":3,"minecraft:crafting_table":6,"minecraft:lime_bed":6,"minecraft:blast_furnace":1,"byg:mahogany_planks":16,"minecraft:bread":17,"minecraft:melon_slice":4,"byg:rainbow_eucalyptus_boat":4,"minecraft:stone_axe":102,"minecraft:cobblestone":12,"byg:mahogany_boat":2,"minecraft:grindstone":1,"minecraft:smithing_table":1,"minecraft:bucket":16},"minecraft:crafted":{"minecraft:oak_planks":692,"minecraft:furnace":3,"byg:rainbow_eucalyptus_trapdoor":6,"minecraft:diamond_shovel":3,"minecraft:cooked_mutton":3,"minecraft:diamond_helmet":1,"minecraft:diamond_leggings":1,"minecraft:iron_boots":10,"minecraft:stone_pickaxe":2,"minecraft:diamond_boots":1,"byg:mahogany_planks":36,"minecraft:stone_hoe":1,"byg:rainbow_eucalyptus_planks":144,"minecraft:emerald":95,"minecraft:crafting_table":3,"minecraft:wooden_pickaxe":1,"minecraft:iron_helmet":1,"minecraft:bell":3,"minecraft:smithing_table":1,"minecraft:bucket":1,"byg:rainbow_eucalyptus_slab":42,"minecraft:stone_axe":9,"minecraft:bread":102,"minecraft:air":0,"byg:palm_planks":12,"farmersdelight:cutting_board":1,"minecraft:iron_chestplate":1,"minecraft:diamond_pickaxe":1,"minecraft:shield":1,"minecraft:stick":1296,"minecraft:iron_pickaxe":3,"minecraft:iron_ingot":17,"minecraft:iron_shovel":3,"minecraft:iron_leggings":1,"byg:rainbow_eucalyptus_boat":2,"byg:mahogany_boat":1,"minecraft:diamond_chestplate":1},"minecraft:mined":{"byg:rainbow_eucalyptus_planks":6,"farmersdelight:wild_carrots":3,"byg:cattail":1,"minecraft:grass_block":1,"byg:mahogany_planks":4,"farmersdelight:wild_cabbages":2,"minecraft:furnace":4,"minecraft:iron_ore":34,"croptopia:soybean_crop":1,"byg:prairie_grass":1,"create:copper_ore":17,"minecraft:fletching_table":1,"minecraft:stone":45,"minecraft:green_bed":3,"minecraft:orange_bed":3,"farmersdelight:organic_compost":2,"minecraft:crafting_table":3,"minecraft:blast_furnace":1,"minecraft:melon":1,"minecraft:tall_grass":1,"minecraft:cobblestone":6,"minecraft:sugar_cane":1,"minecraft:grindstone":1,"minecraft:oak_planks":1,"minecraft:lime_bed":9,"minecraft:cactus":1,"byg:scoria_stone":1,"byg:horseweed":2,"byg:short_grass":5,"minecraft:grass":15,"minecraft:coal_ore":11,"croptopia:saguaro_crop":1,"croptopia:radish_crop":12,"byg:azalea":1,"minecraft:sand":8},"minecraft:custom":{"minecraft:interact_with_smithing_table":2,"minecraft:mob_kills":20,"minecraft:interact_with_crafting_table":38,"minecraft:leave_game":6,"minecraft:time_since_death":31332,"minecraft:sprint_one_cm":289501,"minecraft:walk_one_cm":250218,"minecraft:damage_blocked_by_shield":90,"minecraft:drop":60,"minecraft:talked_to_villager":157,"minecraft:deaths":3,"minecraft:sneak_time":3835,"minecraft:walk_under_water_one_cm":4864,"minecraft:boat_one_cm":136737,"minecraft:jump":2820,"minecraft:walk_on_water_one_cm":12925,"minecraft:interact_with_furnace":46,"tombstone:raider_killed":1,"minecraft:traded_with_villager":145,"minecraft:play_one_minute":113845,"minecraft:sleep_in_bed":13,"minecraft:time_since_rest":15666,"minecraft:damage_taken":4603,"minecraft:damage_dealt":5781,"minecraft:swim_one_cm":36134,"minecraft:fly_one_cm":730975,"minecraft:player_kills":2,"minecraft:open_chest":85,"minecraft:crouch_one_cm":8864,"tombstone:undead_killed":4,"minecraft:fall_one_cm":71472},"minecraft:broken":{"minecraft:stone_axe":1},"minecraft:picked_up":{"minecraft:wooden_axe":1,"byg:mahogany_log":9,"minecraft:crafting_table":4,"minecraft:chainmail_boots":2,"dtbyg:rainbow_eucalyptus_seed":13,"byg:rainbow_eucalyptus_planks":5,"minecraft:wooden_pickaxe":1,"byg:rainbow_eucalyptus_boat":5,"minecraft:shield":1,"croptopia:saguaro_seed":5,"minecraft:string":6,"byg:horseweed":2,"byg:pink_sand":1,"byg:mahogany_planks":4,"minecraft:poppy":5,"dynamictrees:oak_seed":36,"minecraft:melon_slice":4,"minecraft:sugar_cane":3,"minecraft:iron_boots":8,"farmersdelight:cabbage_seeds":2,"minecraft:furnace":4,"minecraft:stick":100,"croptopia:soybean_seed":2,"minecraft:composter":1,"minecraft:green_bed":3,"minecraft:torch":1,"minecraft:acacia_log":17,"minecraft:porkchop":3,"minecraft:carrot":4,"byg:cattail":1,"byg:mahogany_boat":2,"minecraft:orange_bed":6,"minecraft:stone_shovel":1,"minecraft:rotten_flesh":1,"minecraft:beetroot_seeds":68,"minecraft:hay_block":1,"minecraft:saddle":1,"byg:palm_log":3,"minecraft:mutton":3,"minecraft:white_wool":2,"minecraft:cobblestone":51,"minecraft:lime_bed":6,"croptopia:radish":12,"minecraft:oak_log":173,"croptopia:leek":1,"minecraft:dirt":3,"farmersdelight:organic_compost":2,"minecraft:bone":2,"byg:scoria_cobblestone":1,"byg:rainbow_eucalyptus_log":122,"create:copper_ore":17,"minecraft:wheat_seeds":34,"minecraft:grindstone":1,"minecraft:iron_ingot":8,"minecraft:iron_ore":35,"minecraft:fletching_table":1,"dtbyg:baobab_seed":10,"minecraft:oak_planks":1,"byg:azalea":1,"minecraft:sand":8,"dynamictrees:acacia_seed":4,"minecraft:blast_furnace":2,"minecraft:spider_eye":1,"croptopia:saguaro":1,"minecraft:stone_axe":4,"croptopia:radish_seed":19,"croptopia:leek_seed":2,"alexsmobs:tarantula_hawk_wing_fragment":1,"minecraft:emerald":39,"tombstone:magic_scroll":2,"minecraft:coal":17,"minecraft:ender_pearl":1},"minecraft:killed":{"minecraft:spider":5,"alexsmobs:rattlesnake":3,"minecraft:skeleton":1,"minecraft:pig":1,"minecraft:iron_golem":4,"minecraft:sheep":2,"minecraft:zombie":3,"minecraft:enderman":1}},"DataVersion":2586}