{"stats":{"minecraft:picked_up":{"minecraft:feather":3,"minecraft:chicken":6,"minecraft:leather":5,"minecraft:porkchop":51,"minecraft:gunpowder":3,"minecraft:spider_eye":4,"minecraft:string":4,"minecraft:iron_axe":1,"minecraft:bone":2,"minecraft:arrow":6,"minecraft:rotten_flesh":6,"minecraft:wheat_seeds":3,"minecraft:beef":6,"minecraft:emerald":1,"minecraft:mutton":13,"minecraft:white_wool":9},"minecraft:used":{"minecraft:netherite_sword":111,"minecraft:grass_block":8,"minecraft:vindicator_spawn_egg":2,"minecraft:mutton":4,"minecraft:porkchop":1,"minecraft:cooked_porkchop":4},"minecraft:mined":{"minecraft:grass":23,"minecraft:tall_grass":1,"minecraft:sugar_cane":1},"minecraft:killed":{"minecraft:sheep":9,"minecraft:horse":4,"minecraft:skeleton":4,"minecraft:zombie":10,"minecraft:pig":25,"minecraft:zombie_villager":1,"minecraft:chicken":6,"minecraft:spider":7,"minecraft:vindicator":2,"minecraft:drowned":1,"minecraft:creeper":3,"minecraft:cow":3},"minecraft:custom":{"minecraft:time_since_rest":57819,"minecraft:walk_one_cm":64748,"minecraft:sprint_one_cm":80136,"minecraft:damage_taken":360,"minecraft:mob_kills":75,"minecraft:damage_dealt":10974,"minecraft:fly_one_cm":187362,"minecraft:crouch_one_cm":275,"minecraft:play_time":57819,"minecraft:sneak_time":105,"minecraft:jump":1035,"minecraft:leave_game":2,"minecraft:walk_on_water_one_cm":2196,"minecraft:time_since_death":57819,"minecraft:total_world_time":57819,"minecraft:fall_one_cm":12035}},"DataVersion":3120}