{"stats":{"minecraft:dropped":{"dedsafioitems:dedita_multicolor":1,"dedsafioitems:dedita_naranja":1,"dedsafioitems:cuchara_de_la_resureccion":3},"minecraft:picked_up":{"dedsafioitems:dedita_multicolor":1,"dedsafioitems:cuchara_de_la_resureccion":3,"dedsafioitems:dedita_naranja":1},"minecraft:used":{"minecraft:netherite_sword":2,"friendsandfoes:mauler_spawn_egg":1,"minecraft:dark_oak_leaves":1},"minecraft:killed":{"friendsandfoes:mauler":1},"minecraft:custom":{"minecraft:time_since_rest":35579,"minecraft:crouch_one_cm":2684,"minecraft:sprint_one_cm":63099,"minecraft:play_time":35579,"minecraft:walk_one_cm":19193,"minecraft:sneak_time":564,"minecraft:mob_kills":1,"minecraft:drop":5,"minecraft:jump":578,"minecraft:damage_dealt":200,"minecraft:leave_game":2,"minecraft:time_since_death":35579,"minecraft:total_world_time":35579,"minecraft:fall_one_cm":209,"minecraft:fly_one_cm":155293}},"DataVersion":3337}