{"stats":{"minecraft:killed_by":{"minecraft:skeleton":1,"alexsmobs:bison":1},"minecraft:dropped":{"minecraft:rotten_flesh":1,"tombstone:grave_key":2},"minecraft:mined":{"minecraft:crafting_table":6,"minecraft:allium":1,"minecraft:grass_block":1,"minecraft:sugar_cane":4,"minecraft:diorite":1,"farmersdelight:wild_onions":8,"minecraft:furnace":2,"biomesoplenty:mahogany_log":7,"minecraft:birch_log":7,"minecraft:iron_ore":12,"minecraft:grass":1,"supplementaries:stick":1,"minecraft:coal_ore":22,"minecraft:stone":28},"minecraft:used":{"minecraft:diorite":1,"minecraft:writable_book":1,"minecraft:birch_planks":3,"minecraft:stone_pickaxe":53,"minecraft:wooden_pickaxe":7,"minecraft:stick":1,"farmersdelight:onion":8,"minecraft:dirt":1,"minecraft:crafting_table":6,"minecraft:iron_pickaxe":6,"minecraft:stone_axe":39,"minecraft:cobblestone":3,"minecraft:furnace":2,"minecraft:bucket":1,"tombstone:gift":1,"minecraft:egg":2},"minecraft:custom":{"minecraft:interact_with_furnace":23,"minecraft:mob_kills":9,"minecraft:interact_with_crafting_table":16,"minecraft:open_barrel":2,"minecraft:leave_game":5,"minecraft:time_since_death":5596,"minecraft:climb_one_cm":854,"minecraft:time_since_rest":5622,"minecraft:sprint_one_cm":89311,"minecraft:damage_taken":750,"minecraft:walk_one_cm":55873,"minecraft:drop":3,"minecraft:damage_dealt":1659,"minecraft:swim_one_cm":15048,"minecraft:fly_one_cm":137384,"minecraft:crouch_one_cm":10645,"minecraft:play_time":40721,"tombstone:undead_killed":5,"minecraft:deaths":2,"minecraft:sneak_time":4368,"minecraft:walk_under_water_one_cm":3060,"minecraft:jump":701,"minecraft:walk_on_water_one_cm":4667,"minecraft:total_world_time":40721,"minecraft:fall_one_cm":10886},"minecraft:picked_up":{"minecraft:birch_log":10,"minecraft:crafting_table":6,"minecraft:allium":15,"minecraft:feather":2,"minecraft:chicken":1,"tombstone:grave_key":1,"minecraft:dirt":1,"minecraft:string":1,"minecraft:sugar_cane":11,"minecraft:egg":2,"minecraft:furnace":2,"minecraft:stick":1,"minecraft:raw_iron":12,"tombstone:grave_dust":1,"minecraft:diorite":1,"biomesoplenty:mahogany_log":7,"minecraft:rotten_flesh":1,"farmersdelight:onion":8,"minecraft:mutton":2,"minecraft:coal":27,"minecraft:white_wool":1,"minecraft:cobblestone":32},"minecraft:killed":{"minecraft:spider":1,"minecraft:creeper":1,"minecraft:sheep":1,"minecraft:zombie":4,"minecraft:chicken":1,"minecraft:drowned":1},"minecraft:crafted":{"minecraft:crafting_table":2,"biomesoplenty:mahogany_planks":28,"minecraft:wooden_pickaxe":2,"minecraft:furnace":2,"minecraft:bucket":1,"minecraft:birch_planks":40,"minecraft:stone_axe":2,"minecraft:air":0,"minecraft:shield":1,"minecraft:stick":16,"minecraft:iron_ingot":12,"minecraft:iron_pickaxe":1,"minecraft:stone_pickaxe":2}},"DataVersion":2975}