{"stats":{"minecraft:killed":{"friendsandfoes:mauler":1},"minecraft:dropped":{"dedsafioitems:dedita_multicolor":3,"dedsafioitems:dedita_azul":2,"dedsafioitems:dedita_naranja":1,"dedsafioitems:dedita_celeste":1,"dedsafioitems:cuchara_de_la_resureccion":3},"minecraft:used":{"minecraft:netherite_sword":2,"friendsandfoes:mauler_spawn_egg":1,"minecraft:smithing_table":1,"minecraft:dark_oak_leaves":1},"minecraft:custom":{"minecraft:time_since_rest":35587,"minecraft:interact_with_smithing_table":1,"minecraft:crouch_one_cm":4668,"minecraft:sprint_one_cm":159328,"minecraft:play_time":141584,"minecraft:deaths":1,"minecraft:walk_one_cm":44872,"minecraft:sneak_time":1062,"minecraft:mob_kills":1,"minecraft:drop":10,"minecraft:jump":1268,"minecraft:damage_dealt":200,"minecraft:leave_game":4,"minecraft:time_since_death":35573,"minecraft:total_world_time":141584,"minecraft:fall_one_cm":3135,"minecraft:fly_one_cm":323253},"minecraft:picked_up":{"dedsafioitems:dedita_multicolor":3,"dedsafioitems:cuchara_de_la_resureccion":3,"dedsafioitems:dedita_naranja":1,"dedsafioitems:dedita_celeste":1,"dedsafioitems:dedita_azul":2}},"DataVersion":3337}