{"stats":{"minecraft:used":{"minecraft:crafting_table":1,"minecraft:stone_pickaxe":3,"minecraft:wooden_pickaxe":7},"minecraft:custom":{"minecraft:time_since_rest":5580,"minecraft:crouch_one_cm":849,"minecraft:play_time":5580,"minecraft:sprint_one_cm":8042,"minecraft:walk_one_cm":5903,"minecraft:sneak_time":364,"minecraft:drop":1,"minecraft:jump":125,"minecraft:damage_dealt":220,"minecraft:time_since_death":5580,"minecraft:total_world_time":5580,"minecraft:interact_with_crafting_table":2,"minecraft:fall_one_cm":3994,"minecraft:fly_one_cm":25624,"minecraft:player_kills":1},"minecraft:picked_up":{"minecraft:wheat_seeds":1,"minecraft:oak_log":5,"minecraft:dirt":4,"minecraft:cobblestone":5},"minecraft:crafted":{"minecraft:oak_planks":20,"minecraft:crafting_table":1,"minecraft:stick":8,"minecraft:stone_pickaxe":1,"minecraft:wooden_pickaxe":1},"minecraft:dropped":{"minecraft:wheat_seeds":1},"minecraft:mined":{"minecraft:short_grass":2,"minecraft:grass_block":1,"minecraft:oak_log":5,"minecraft:dirt":3,"minecraft:tall_grass":1,"minecraft:stone":6}},"DataVersion":3700}