{"stats":{"minecraft:killed":{"minecraft:witch":1,"minecraft:spider":1,"minecraft:creeper":1,"minecraft:sheep":1,"minecraft:zombie":4,"minecraft:chicken":1,"minecraft:drowned":1,"minecraft:cow":1},"minecraft:used":{"minecraft:water_bucket":2,"minecraft:diorite":1,"minecraft:writable_book":1,"minecraft:flint_and_steel":1,"minecraft:birch_planks":3,"minecraft:stone_pickaxe":65,"minecraft:wooden_pickaxe":7,"minecraft:stone_hoe":12,"minecraft:cooked_chicken":1,"minecraft:stick":1,"farmersdelight:onion":8,"minecraft:dirt":1,"minecraft:crafting_table":7,"minecraft:white_bed":1,"minecraft:iron_pickaxe":7,"minecraft:stone_axe":45,"minecraft:cobblestone":11,"minecraft:furnace":3,"minecraft:cooked_porkchop":1,"minecraft:bucket":2,"tombstone:gift":1,"minecraft:egg":2},"minecraft:mined":{"minecraft:white_bed":1,"minecraft:crafting_table":7,"minecraft:blast_furnace":1,"minecraft:allium":1,"minecraft:grass_block":1,"minecraft:cobblestone":1,"minecraft:sugar_cane":4,"minecraft:diorite":1,"minecraft:hay_block":12,"farmersdelight:wild_onions":8,"minecraft:furnace":3,"biomesoplenty:mahogany_log":7,"minecraft:birch_log":7,"minecraft:iron_ore":12,"minecraft:fire":5,"minecraft:yellow_bed":1,"minecraft:grass":2,"supplementaries:stick":1,"minecraft:coal_ore":22,"minecraft:stone":37},"minecraft:dropped":{"minecraft:rotten_flesh":1,"tombstone:grave_key":2},"minecraft:picked_up":{"minecraft:birch_log":10,"minecraft:crafting_table":7,"minecraft:allium":15,"minecraft:feather":2,"minecraft:chicken":1,"minecraft:leather":2,"tombstone:grave_key":1,"minecraft:yellow_bed":1,"minecraft:string":1,"minecraft:dirt":1,"minecraft:wheat_seeds":1,"minecraft:beef":2,"minecraft:sugar_cane":11,"minecraft:egg":2,"minecraft:furnace":3,"minecraft:stick":1,"minecraft:raw_iron":12,"minecraft:blast_furnace":1,"tombstone:grave_dust":1,"minecraft:diorite":1,"minecraft:white_bed":1,"biomesoplenty:mahogany_log":7,"minecraft:rotten_flesh":3,"farmersdelight:onion":8,"minecraft:hay_block":12,"minecraft:mutton":2,"minecraft:coal":34,"minecraft:white_wool":1,"minecraft:cobblestone":42},"minecraft:crafted":{"minecraft:crafting_table":2,"biomesoplenty:mahogany_planks":28,"minecraft:wooden_pickaxe":2,"minecraft:cooked_chicken":1,"minecraft:furnace":2,"minecraft:bucket":1,"minecraft:birch_planks":40,"minecraft:stone_axe":2,"minecraft:air":0,"minecraft:shield":1,"minecraft:stick":20,"minecraft:iron_ingot":12,"minecraft:iron_pickaxe":1,"minecraft:stone_pickaxe":2,"minecraft:stone_hoe":1},"minecraft:custom":{"minecraft:interact_with_furnace":26,"minecraft:mob_kills":11,"tombstone:raider_killed":1,"minecraft:interact_with_crafting_table":17,"minecraft:open_barrel":2,"minecraft:leave_game":9,"minecraft:time_since_death":25342,"minecraft:sleep_in_bed":1,"minecraft:climb_one_cm":1158,"minecraft:time_since_rest":5385,"minecraft:sprint_one_cm":116283,"minecraft:damage_taken":760,"minecraft:walk_one_cm":75665,"minecraft:drop":3,"minecraft:damage_dealt":2019,"minecraft:swim_one_cm":15048,"minecraft:fly_one_cm":173905,"minecraft:crouch_one_cm":13038,"minecraft:play_time":60467,"tombstone:undead_killed":5,"minecraft:deaths":2,"minecraft:sneak_time":5223,"minecraft:walk_under_water_one_cm":3060,"minecraft:jump":913,"minecraft:walk_on_water_one_cm":5146,"minecraft:total_world_time":60467,"minecraft:fall_one_cm":13068},"minecraft:killed_by":{"minecraft:skeleton":1,"alexsmobs:bison":1}},"DataVersion":2975}