{"stats":{"minecraft:used":{"minecraft:water_bucket":3,"minecraft:flint_and_steel":2,"minecraft:stone_pickaxe":41,"minecraft:oak_planks":9,"minecraft:spruce_planks":113,"minecraft:chest":1,"minecraft:wooden_pickaxe":7,"minecraft:blue_bed":1,"minecraft:dirt":5,"minecraft:sand":2,"minecraft:oak_slab":8,"minecraft:crafting_table":8,"minecraft:white_bed":2,"minecraft:lava_bucket":6,"minecraft:leather_helmet":1,"minecraft:gravel":6,"minecraft:stone_axe":108,"minecraft:cobblestone":15,"minecraft:furnace":2,"minecraft:bucket":10,"minecraft:egg":2,"minecraft:cooked_beef":5,"minecraft:dandelion":1},"minecraft:killed":{"minecraft:pig":2,"minecraft:creeper":1,"minecraft:sheep":3,"minecraft:chicken":4,"minecraft:cow":6},"minecraft:custom":{"minecraft:interact_with_furnace":13,"minecraft:mob_kills":16,"minecraft:interact_with_crafting_table":12,"minecraft:leave_game":2,"minecraft:time_since_death":23935,"minecraft:sleep_in_bed":1,"minecraft:time_since_rest":3596,"minecraft:sprint_one_cm":111111,"minecraft:damage_taken":526,"minecraft:walk_one_cm":82789,"minecraft:drop":6,"minecraft:damage_dealt":1919,"minecraft:swim_one_cm":2721,"minecraft:fly_one_cm":200377,"minecraft:player_kills":2,"minecraft:open_chest":10,"minecraft:crouch_one_cm":7973,"minecraft:play_time":32135,"minecraft:deaths":1,"minecraft:sneak_time":2087,"minecraft:walk_under_water_one_cm":1908,"minecraft:jump":820,"minecraft:walk_on_water_one_cm":5499,"minecraft:total_world_time":32135,"minecraft:fall_one_cm":23692},"minecraft:picked_up":{"minecraft:crafting_table":9,"minecraft:feather":3,"minecraft:chicken":3,"minecraft:leather":6,"minecraft:wooden_pickaxe":1,"minecraft:filled_map":1,"minecraft:flint":2,"minecraft:stripped_spruce_wood":10,"minecraft:oak_log":10,"minecraft:gunpowder":2,"minecraft:blue_bed":1,"minecraft:dirt":8,"minecraft:red_bed":1,"minecraft:wheat_seeds":1,"minecraft:spruce_planks":11,"minecraft:beef":15,"minecraft:stone_pickaxe":1,"minecraft:poppy":1,"minecraft:sugar_cane":33,"minecraft:oak_planks":29,"minecraft:egg":2,"minecraft:furnace":1,"minecraft:stick":2,"minecraft:torch":2,"minecraft:dandelion":1,"minecraft:gravel":7,"minecraft:porkchop":5,"minecraft:sand":2,"minecraft:stripped_spruce_log":43,"minecraft:white_bed":3,"minecraft:stone_axe":2,"minecraft:mutton":5,"minecraft:coal":23,"minecraft:white_wool":3,"minecraft:cobblestone":36},"minecraft:crafted":{"minecraft:cooked_beef":7,"minecraft:red_dye":1,"minecraft:oak_slab":12,"minecraft:oak_planks":40,"minecraft:crafting_table":2,"minecraft:spruce_planks":212,"minecraft:wooden_pickaxe":1,"minecraft:furnace":1,"minecraft:leather_helmet":2,"minecraft:bucket":1,"minecraft:stone_axe":1,"minecraft:air":0,"minecraft:flint_and_steel":1,"minecraft:shield":1,"minecraft:stick":8,"minecraft:stone_pickaxe":1,"minecraft:chest":1},"minecraft:dropped":{"minecraft:stone_axe":1,"minecraft:wheat_seeds":1,"minecraft:cooked_beef":1,"minecraft:filled_map":1,"minecraft:dirt":3,"minecraft:wooden_pickaxe":1},"minecraft:mined":{"minecraft:spruce_planks":9,"minecraft:white_bed":3,"minecraft:red_bed":1,"minecraft:crafting_table":5,"minecraft:short_grass":2,"minecraft:grass_block":2,"minecraft:poppy":1,"minecraft:cobblestone":2,"minecraft:tall_grass":2,"minecraft:oak_planks":1,"minecraft:sugar_cane":9,"minecraft:blue_bed":1,"minecraft:furnace":1,"minecraft:stripped_spruce_wood":10,"minecraft:fire":2,"minecraft:ice":1,"minecraft:stripped_spruce_log":42,"minecraft:oak_log":10,"minecraft:coal_ore":12,"minecraft:gravel":10,"minecraft:sand":2,"minecraft:dirt":7,"minecraft:stone":28},"minecraft:killed_by":{"minecraft:player":1}},"DataVersion":3700}