{"stats":{"minecraft:killed":{"friendsandfoes:mauler":1},"minecraft:dropped":{"dedsafioitems:dedita_multicolor":3,"dedsafioitems:dedita_azul":2,"dedsafioitems:dedita_naranja":1,"dedsafioitems:dedita_celeste":2,"dedsafioitems:cuchara_de_la_resureccion":3},"minecraft:used":{"minecraft:netherite_sword":2,"friendsandfoes:mauler_spawn_egg":1,"minecraft:crafting_table":1,"minecraft:smithing_table":1,"minecraft:dark_oak_leaves":11},"minecraft:custom":{"minecraft:time_since_rest":107587,"minecraft:interact_with_smithing_table":1,"minecraft:crouch_one_cm":6240,"minecraft:sprint_one_cm":218530,"minecraft:play_time":213584,"minecraft:deaths":1,"minecraft:walk_one_cm":53379,"minecraft:sneak_time":1646,"minecraft:mob_kills":1,"minecraft:drop":11,"minecraft:jump":1779,"minecraft:damage_dealt":200,"minecraft:leave_game":4,"minecraft:time_since_death":107573,"minecraft:total_world_time":213584,"minecraft:interact_with_crafting_table":2,"minecraft:fall_one_cm":3135,"minecraft:fly_one_cm":451251},"minecraft:picked_up":{"dedsafioitems:dedita_multicolor":3,"dedsafioitems:cuchara_de_la_resureccion":3,"dedsafioitems:dedita_naranja":1,"dedsafioitems:dedita_celeste":2,"dedsafioitems:dedita_azul":2}},"DataVersion":3337}