{"stats":{"minecraft:killed_by":{"minecraft:player":2},"minecraft:custom":{"minecraft:animals_bred":2,"minecraft:interact_with_crafting_table":50,"minecraft:leave_game":27,"minecraft:time_since_death":210858,"minecraft:sprint_one_cm":716282,"minecraft:damage_blocked_by_shield":645,"minecraft:drop":148,"minecraft:talked_to_villager":175,"minecraft:deaths":3,"minecraft:jump":6219,"minecraft:walk_on_water_one_cm":28964,"minecraft:interact_with_furnace":53,"minecraft:traded_with_villager":183,"minecraft:play_one_minute":293371,"minecraft:sleep_in_bed":23,"minecraft:damage_dealt":21779,"minecraft:player_kills":2,"minecraft:crouch_one_cm":30797,"tombstone:undead_killed":56,"minecraft:interact_with_smithing_table":2,"minecraft:mob_kills":113,"minecraft:interact_with_anvil":1,"minecraft:climb_one_cm":610,"minecraft:walk_one_cm":447738,"minecraft:damage_dealt_absorbed":40,"minecraft:sneak_time":10799,"minecraft:walk_under_water_one_cm":12576,"minecraft:boat_one_cm":728023,"tombstone:raider_killed":5,"minecraft:time_since_rest":2801,"minecraft:damage_taken":5645,"minecraft:swim_one_cm":81711,"minecraft:fly_one_cm":1774013,"minecraft:open_chest":132,"minecraft:fall_one_cm":147465},"minecraft:crafted":{"minecraft:oak_planks":692,"minecraft:stone":1,"byg:rainbow_eucalyptus_trapdoor":6,"minecraft:diamond_shovel":3,"sophisticatedbackpacks:crafting_upgrade":1,"minecraft:cooked_mutton":3,"spartanshields:shield_basic_diamond":1,"minecraft:diamond_helmet":1,"minecraft:iron_boots":10,"minecraft:diamond_leggings":1,"minecraft:chest":2,"minecraft:stone_hoe":1,"spartanshields:shield_basic_wood":1,"byg:rainbow_eucalyptus_planks":144,"sophisticatedbackpacks:backpack":2,"minecraft:emerald":108,"minecraft:diamond_axe":3,"minecraft:crafting_table":5,"minecraft:iron_helmet":1,"minecraft:wooden_pickaxe":1,"minecraft:smithing_table":1,"sophisticatedbackpacks:upgrade_base":1,"byg:palm_planks":12,"farmersdelight:cutting_board":1,"minecraft:iron_chestplate":1,"minecraft:diamond_pickaxe":1,"minecraft:yellow_dye":1,"minecraft:shield":1,"minecraft:stick":1308,"minecraft:iron_ingot":17,"minecraft:iron_pickaxe":3,"minecraft:iron_block":3,"minecraft:gold_ingot":9,"byg:rainbow_eucalyptus_boat":2,"minecraft:stone_button":1,"minecraft:furnace":3,"byg:baobab_planks":16,"minecraft:iron_axe":9,"minecraft:stone_pickaxe":2,"minecraft:diamond_boots":1,"comforts:sleeping_bag_blue":1,"byg:mahogany_planks":36,"sophisticatedbackpacks:iron_backpack":1,"paraglider:paraglider":2,"minecraft:red_dye":2,"minecraft:diamond_sword":1,"minecraft:bell":15,"sophisticatedbackpacks:gold_backpack":1,"minecraft:bucket":1,"byg:rainbow_eucalyptus_slab":42,"minecraft:stone_axe":9,"minecraft:orange_dye":2,"minecraft:bread":102,"minecraft:air":0,"minecraft:blue_dye":4,"minecraft:oak_boat":1,"alexsmobs:maraca":1,"minecraft:white_wool":3,"minecraft:oak_stairs":4,"minecraft:blue_wool":3,"minecraft:iron_shovel":3,"minecraft:iron_leggings":1,"minecraft:anvil":1,"minecraft:torch":4,"byg:mahogany_boat":1,"minecraft:diamond_chestplate":1},"minecraft:picked_up":{"minecraft:wooden_axe":1,"byg:mahogany_log":9,"minecraft:wheat":4,"alexsmobs:maraca":2,"minecraft:chainmail_boots":2,"minecraft:anvil":1,"byg:rainbow_eucalyptus_boat":5,"minecraft:string":32,"byg:baobab_log":6,"minecraft:beetroot":4,"farmersdelight:cabbage":2,"dynamictrees:oak_seed":36,"minecraft:melon_slice":4,"minecraft:furnace":8,"farmersdelight:cabbage_seeds":14,"minecraft:iron_boots":8,"minecraft:stick":120,"minecraft:composter":1,"minecraft:acacia_log":17,"minecraft:torch":8,"minecraft:green_bed":3,"minecraft:porkchop":3,"croptopia:ginger_seed":3,"tombstone:grave_dust":6,"minecraft:diorite":3,"byg:cattail":1,"minecraft:orange_bed":6,"minecraft:rotten_flesh":23,"farmersdelight:onion":14,"minecraft:cobblestone":214,"croptopia:radish":12,"farmersdelight:rice":4,"minecraft:andesite":3,"paraglider:spirit_orb":2,"create:gabbro_cobblestone":1,"minecraft:lapis_lazuli":4,"farmersdelight:tomato":3,"minecraft:dirt":7,"minecraft:bone":9,"create:copper_ore":17,"minecraft:wheat_seeds":47,"minecraft:grindstone":1,"minecraft:fletching_table":1,"dtbyg:baobab_seed":12,"minecraft:oak_planks":1,"croptopia:ginger":2,"croptopia:rice":4,"minecraft:sand":11,"dynamictrees:acacia_seed":4,"minecraft:diamond":14,"comforts:sleeping_bag_blue":8,"croptopia:radish_seed":19,"croptopia:leek_seed":2,"alexsmobs:rattlesnake_rattle":1,"alexsmobs:tarantula_hawk_wing_fragment":1,"croptopia:onion_seed":8,"minecraft:emerald":39,"minecraft:diamond_pickaxe":1,"minecraft:allium":23,"minecraft:crafting_table":6,"byg:soapstone":1,"dtbyg:rainbow_eucalyptus_seed":13,"byg:rainbow_eucalyptus_planks":5,"minecraft:wooden_pickaxe":1,"croptopia:onion":5,"minecraft:gold_block":1,"minecraft:shield":2,"croptopia:saguaro_seed":5,"byg:horseweed":2,"byg:pink_sand":1,"croptopia:avocado":3,"minecraft:beef":23,"minecraft:oak_boat":5,"byg:mahogany_planks":4,"minecraft:poppy":7,"minecraft:sugar_cane":3,"minecraft:stone":7,"croptopia:soybean_seed":2,"croptopia:rhubarb_seed":4,"farmersdelight:tomato_seeds":6,"minecraft:stone_button":1,"minecraft:carrot":21,"minecraft:redstone":4,"byg:mahogany_boat":2,"minecraft:arrow":11,"minecraft:stone_shovel":1,"minecraft:beetroot_seeds":78,"minecraft:hay_block":1,"croptopia:rhubarb":4,"minecraft:saddle":1,"tombstone:essence_of_undeath":1,"byg:palm_log":3,"croptopia:salt":33,"minecraft:mutton":3,"byg:rocky_stone":4,"minecraft:white_wool":2,"minecraft:lime_bed":6,"minecraft:cut_sandstone":1,"minecraft:leather":14,"minecraft:oak_log":173,"minecraft:lily_pad":1,"croptopia:leek":1,"croptopia:rice_seed":7,"farmersdelight:organic_compost":2,"byg:scoria_cobblestone":1,"byg:rainbow_eucalyptus_log":122,"minecraft:apple":1,"croptopia:barley":1,"minecraft:iron_ingot":8,"minecraft:iron_ore":221,"tombstone:bag_of_seeds":1,"byg:azalea":3,"minecraft:dandelion":1,"minecraft:gravel":1,"minecraft:blast_furnace":2,"minecraft:gold_ore":9,"minecraft:spider_eye":5,"minecraft:leather_helmet":1,"croptopia:saguaro":1,"minecraft:stone_axe":4,"tombstone:magic_scroll":3,"minecraft:coal":19,"minecraft:ender_pearl":1},"minecraft:mined":{"byg:cattail":1,"minecraft:grass_block":2,"comforts:sleeping_bag_blue":1,"minecraft:spawner":1,"farmersdelight:wild_rice":4,"minecraft:iron_ore":220,"byg:prairie_grass":1,"minecraft:fletching_table":1,"create:copper_ore":17,"minecraft:anvil":1,"minecraft:green_bed":3,"minecraft:orange_bed":3,"minecraft:cut_sandstone":1,"farmersdelight:organic_compost":2,"minecraft:torch":3,"minecraft:blast_furnace":1,"minecraft:poppy":2,"minecraft:melon":1,"minecraft:cobblestone":7,"minecraft:grindstone":1,"minecraft:sugar_cane":1,"minecraft:oak_planks":1,"minecraft:wall_torch":3,"byg:soapstone":1,"minecraft:wheat":4,"minecraft:grass":23,"create:gabbro":1,"croptopia:salt_ore":11,"croptopia:rice_crop":4,"minecraft:sand":8,"minecraft:dirt":3,"byg:rainbow_eucalyptus_planks":6,"minecraft:diamond_ore":14,"farmersdelight:wild_carrots":20,"croptopia:onion_crop":5,"byg:mahogany_planks":4,"farmersdelight:wild_cabbages":14,"croptopia:barley_crop":1,"farmersdelight:wild_onions":14,"minecraft:redstone_ore":1,"croptopia:ginger_crop":2,"minecraft:furnace":8,"dynamictrees:dark_oak_leaves":2,"croptopia:soybean_crop":1,"minecraft:andesite":3,"minecraft:gold_block":1,"croptopia:rhubarb_crop":4,"byg:rocky_stone":4,"minecraft:stone":188,"minecraft:dandelion":1,"minecraft:crafting_table":5,"minecraft:tall_grass":3,"minecraft:lapis_ore":1,"farmersdelight:wild_tomatoes":6,"minecraft:diorite":3,"farmersdelight:wild_beetroots":11,"minecraft:lime_bed":9,"minecraft:cactus":1,"byg:scoria_stone":1,"byg:horseweed":2,"byg:short_grass":5,"minecraft:coal_ore":13,"croptopia:saguaro_crop":1,"byg:azalea":3,"croptopia:radish_crop":12,"minecraft:gravel":1,"minecraft:cobweb":23,"minecraft:gold_ore":9},"minecraft:used":{"byg:baobab_planks":4,"minecraft:shield":16,"minecraft:stone":1,"minecraft:carrot":20,"byg:rainbow_eucalyptus_planks":5,"carryon:tile_item":3,"farmersdelight:cutting_board":1,"dtbyg:rainbow_eucalyptus_seed":1,"minecraft:furnace":9,"minecraft:cow_spawn_egg":1,"minecraft:stone_pickaxe":118,"minecraft:oak_planks":13,"minecraft:wooden_pickaxe":4,"minecraft:composter":1,"byg:rainbow_eucalyptus_slab":28,"minecraft:diamond_axe":19,"minecraft:sand":3,"minecraft:blast_furnace":1,"comforts:sleeping_bag_blue":8,"byg:overgrown_stone":2,"minecraft:melon_slice":4,"minecraft:bread":65,"minecraft:diamond_sword":195,"minecraft:grindstone":1,"minecraft:smithing_table":1,"minecraft:andesite":1,"minecraft:oak_boat":5,"minecraft:experience_bottle":2,"minecraft:stone_hoe":20,"minecraft:orange_bed":2,"minecraft:torch":7,"minecraft:anvil":1,"minecraft:dirt":1,"alexsmobs:maraca":63,"minecraft:oak_stairs":4,"carryon:entity_item":13,"byg:rainbow_eucalyptus_trapdoor":6,"tombstone:gift":6,"spartanshields:shield_basic_diamond":2,"minecraft:cooked_mutton":2,"minecraft:water_bucket":34,"croptopia:saguaro":1,"byg:rocky_stone":2,"minecraft:green_bed":3,"minecraft:lime_bed":6,"minecraft:crafting_table":9,"byg:mahogany_planks":16,"minecraft:diamond_pickaxe":388,"minecraft:apple":1,"minecraft:diamond_shovel":7,"byg:rainbow_eucalyptus_boat":4,"minecraft:stone_axe":105,"minecraft:cobblestone":106,"byg:mahogany_boat":2,"create:gabbro_cobblestone":1,"minecraft:bucket":35,"alexsmobs:animal_dictionary":1},"minecraft:broken":{"minecraft:stone_axe":1},"minecraft:dropped":{"minecraft:orange_dye":1,"minecraft:leather":1,"minecraft:saddle":1,"minecraft:leather_helmet":1,"minecraft:emerald":26,"minecraft:dirt":6,"minecraft:stone_button":2,"minecraft:cut_sandstone":1,"minecraft:sand":3,"byg:scoria_cobblestone":1,"minecraft:bone":5,"minecraft:gravel":1,"minecraft:stone_axe":11,"minecraft:beetroot":4,"minecraft:rotten_flesh":23,"byg:rainbow_eucalyptus_boat":2,"minecraft:diamond_shovel":2,"croptopia:saguaro_seed":3,"minecraft:cooked_mutton":1,"minecraft:poppy":5,"byg:rocky_stone":2,"minecraft:beetroot_seeds":78,"minecraft:chainmail_boots":2,"croptopia:onion_seed":8,"minecraft:beef":23,"croptopia:barley":1,"minecraft:wheat_seeds":46,"minecraft:cobblestone":9,"croptopia:rice":4,"croptopia:soybean_seed":2,"minecraft:stick":9,"minecraft:blue_dye":1,"minecraft:diorite":3,"minecraft:torch":1,"byg:soapstone":1,"tombstone:grave_dust":4,"byg:baobab_log":2,"dynamictrees:acacia_seed":4,"alexsmobs:tarantula_hawk_wing_fragment":1,"farmersdelight:cabbage_seeds":1,"minecraft:stone_shovel":1,"byg:rainbow_eucalyptus_log":73,"minecraft:stone":6,"minecraft:shield":2,"minecraft:allium":23,"minecraft:diamond_pickaxe":1,"minecraft:andesite":2,"minecraft:spider_eye":5,"minecraft:stone_pickaxe":1},"minecraft:killed":{"minecraft:spider":15,"minecraft:skeleton":20,"minecraft:pig":1,"minecraft:iron_golem":4,"minecraft:creeper":1,"minecraft:sheep":2,"minecraft:pillager":4,"minecraft:zombie":33,"alexsmobs:fly":2,"minecraft:cow":13,"alexsmobs:rattlesnake":4,"minecraft:horse":4,"minecraft:drowned":1,"minecraft:husk":2,"alexsmobs:guster":3,"minecraft:enderman":2}},"DataVersion":2586}