{"stats":{"minecraft:killed":{"minecraft:witch":1,"minecraft:spider":1,"minecraft:iron_golem":1,"minecraft:creeper":1,"minecraft:sheep":1,"minecraft:zombie":4,"minecraft:chicken":1,"minecraft:drowned":1,"minecraft:cow":1},"minecraft:used":{"minecraft:water_bucket":2,"minecraft:diorite":1,"minecraft:writable_book":1,"minecraft:flint_and_steel":1,"minecraft:birch_planks":24,"minecraft:stone_pickaxe":65,"minecraft:wooden_pickaxe":7,"minecraft:stone_hoe":16,"minecraft:cooked_chicken":1,"minecraft:iron_chestplate":1,"minecraft:stick":1,"minecraft:torch":1,"farmersdelight:onion":8,"minecraft:dirt":1,"minecraft:crafting_table":9,"minecraft:white_bed":3,"minecraft:dark_oak_planks":40,"minecraft:bread":2,"minecraft:iron_pickaxe":7,"carryon:entity_item":6,"minecraft:iron_helmet":1,"minecraft:iron_boots":1,"minecraft:stone_axe":79,"minecraft:cobblestone":11,"minecraft:furnace":3,"minecraft:cooked_porkchop":2,"minecraft:bucket":2,"tombstone:gift":1,"minecraft:yellow_bed":3,"minecraft:egg":2,"minecraft:dandelion":3,"minecraft:iron_leggings":1},"minecraft:mined":{"minecraft:dark_oak_planks":9,"minecraft:white_bed":1,"minecraft:crafting_table":9,"minecraft:allium":1,"minecraft:blast_furnace":1,"minecraft:grass_block":1,"minecraft:cobblestone":1,"minecraft:sugar_cane":4,"minecraft:oak_planks":3,"minecraft:diorite":1,"minecraft:hay_block":16,"farmersdelight:wild_onions":8,"minecraft:birch_planks":3,"minecraft:furnace":3,"biomesoplenty:mahogany_log":7,"minecraft:birch_log":7,"minecraft:iron_ore":12,"minecraft:fire":5,"minecraft:yellow_bed":3,"minecraft:grass":5,"supplementaries:stick":1,"minecraft:coal_ore":22,"minecraft:dirt":2,"minecraft:stone":37},"minecraft:dropped":{"minecraft:rotten_flesh":1,"tombstone:grave_key":2},"minecraft:picked_up":{"minecraft:birch_log":10,"minecraft:crafting_table":9,"minecraft:allium":15,"minecraft:feather":2,"minecraft:chicken":1,"minecraft:leather":2,"minecraft:birch_planks":3,"tombstone:grave_key":1,"minecraft:yellow_bed":3,"minecraft:dirt":1,"minecraft:string":1,"minecraft:wheat_seeds":1,"minecraft:iron_ingot":4,"minecraft:beef":2,"minecraft:poppy":1,"minecraft:sugar_cane":11,"minecraft:egg":2,"minecraft:furnace":3,"minecraft:stick":1,"minecraft:raw_iron":12,"minecraft:torch":1,"minecraft:dandelion":3,"tombstone:grave_dust":1,"minecraft:blast_furnace":1,"minecraft:diorite":1,"minecraft:white_bed":1,"minecraft:dark_oak_planks":9,"biomesoplenty:mahogany_log":7,"minecraft:rotten_flesh":3,"farmersdelight:onion":8,"minecraft:hay_block":16,"minecraft:mutton":2,"minecraft:coal":34,"minecraft:white_wool":1,"minecraft:cobblestone":42},"minecraft:crafted":{"minecraft:crafting_table":2,"biomesoplenty:mahogany_planks":28,"minecraft:iron_helmet":1,"minecraft:wooden_pickaxe":2,"minecraft:cooked_chicken":1,"minecraft:furnace":2,"minecraft:bucket":1,"minecraft:birch_planks":40,"minecraft:stone_axe":2,"minecraft:bread":48,"minecraft:air":0,"minecraft:iron_boots":1,"minecraft:iron_chestplate":1,"minecraft:shield":1,"minecraft:stick":20,"minecraft:iron_ingot":12,"minecraft:iron_pickaxe":1,"minecraft:stone_pickaxe":2,"minecraft:iron_leggings":1,"minecraft:stone_hoe":1,"minecraft:wheat":144},"minecraft:custom":{"minecraft:interact_with_furnace":26,"minecraft:mob_kills":13,"tombstone:raider_killed":1,"minecraft:interact_with_crafting_table":24,"minecraft:open_barrel":2,"minecraft:leave_game":11,"minecraft:time_since_death":42873,"minecraft:sleep_in_bed":2,"minecraft:climb_one_cm":1158,"minecraft:time_since_rest":7383,"minecraft:sprint_one_cm":154896,"minecraft:damage_taken":832,"minecraft:walk_one_cm":95477,"minecraft:drop":3,"minecraft:damage_dealt":3200,"minecraft:swim_one_cm":15048,"minecraft:fly_one_cm":227501,"minecraft:open_chest":1,"minecraft:play_time":77998,"minecraft:crouch_one_cm":18822,"tombstone:undead_killed":5,"minecraft:deaths":2,"minecraft:sneak_time":6859,"minecraft:walk_under_water_one_cm":3060,"minecraft:jump":1163,"minecraft:walk_on_water_one_cm":5146,"minecraft:total_world_time":77998,"minecraft:fall_one_cm":20516},"minecraft:killed_by":{"minecraft:skeleton":1,"alexsmobs:bison":1}},"DataVersion":2975}