{"stats":{"minecraft:used":{"minecraft:stone_pickaxe":23,"minecraft:leather_helmet":1,"minecraft:wooden_pickaxe":7,"minecraft:gravel":6,"minecraft:stone_axe":36,"minecraft:dirt":4,"minecraft:crafting_table":5,"minecraft:furnace":1,"minecraft:egg":2,"minecraft:cooked_beef":2,"minecraft:dandelion":1},"minecraft:killed":{"minecraft:sheep":3,"minecraft:pig":2,"minecraft:chicken":4,"minecraft:creeper":1,"minecraft:cow":5},"minecraft:custom":{"minecraft:time_since_rest":9214,"minecraft:damage_taken":341,"minecraft:interact_with_furnace":12,"minecraft:sprint_one_cm":60317,"minecraft:walk_one_cm":40343,"minecraft:mob_kills":15,"minecraft:drop":2,"minecraft:damage_dealt":1641,"minecraft:interact_with_crafting_table":5,"minecraft:fly_one_cm":138605,"minecraft:player_kills":2,"minecraft:open_chest":2,"minecraft:play_time":17389,"minecraft:crouch_one_cm":1501,"minecraft:deaths":1,"minecraft:sneak_time":523,"minecraft:jump":544,"minecraft:leave_game":1,"minecraft:time_since_death":9189,"minecraft:walk_on_water_one_cm":205,"minecraft:total_world_time":17389,"minecraft:fall_one_cm":16826},"minecraft:picked_up":{"minecraft:crafting_table":7,"minecraft:stick":2,"minecraft:feather":3,"minecraft:chicken":3,"minecraft:leather":6,"minecraft:wooden_pickaxe":1,"minecraft:dandelion":1,"minecraft:gravel":7,"minecraft:porkchop":5,"minecraft:flint":2,"minecraft:oak_log":10,"minecraft:gunpowder":2,"minecraft:dirt":4,"minecraft:stone_axe":2,"minecraft:wheat_seeds":1,"minecraft:stone_pickaxe":1,"minecraft:beef":13,"minecraft:poppy":1,"minecraft:sugar_cane":20,"minecraft:mutton":5,"minecraft:oak_planks":29,"minecraft:coal":23,"minecraft:furnace":1,"minecraft:white_wool":3,"minecraft:cobblestone":21,"minecraft:egg":2},"minecraft:crafted":{"minecraft:cooked_beef":7,"minecraft:red_dye":1,"minecraft:oak_planks":40,"minecraft:crafting_table":2,"minecraft:stick":8,"minecraft:wooden_pickaxe":1,"minecraft:stone_pickaxe":1,"minecraft:furnace":1,"minecraft:leather_helmet":2,"minecraft:stone_axe":1,"minecraft:air":0},"minecraft:dropped":{"minecraft:stone_axe":1,"minecraft:wheat_seeds":1},"minecraft:mined":{"minecraft:furnace":1,"minecraft:crafting_table":5,"minecraft:short_grass":2,"minecraft:grass_block":1,"minecraft:coal_ore":12,"minecraft:oak_log":10,"minecraft:poppy":1,"minecraft:gravel":9,"minecraft:dirt":3,"minecraft:tall_grass":2,"minecraft:cobblestone":1,"minecraft:stone":12,"minecraft:sugar_cane":4},"minecraft:killed_by":{"minecraft:player":1}},"DataVersion":3700}