{"stats":{"minecraft:used":{"minecraft:mutton":4,"minecraft:porkchop":1,"minecraft:grass_block":8},"minecraft:custom":{"minecraft:time_since_rest":38381,"minecraft:crouch_one_cm":250,"minecraft:sprint_one_cm":35575,"minecraft:play_time":38381,"minecraft:damage_taken":185,"minecraft:walk_one_cm":21200,"minecraft:sneak_time":93,"minecraft:mob_kills":9,"minecraft:jump":485,"minecraft:damage_dealt":1271,"minecraft:leave_game":1,"minecraft:walk_on_water_one_cm":1548,"minecraft:time_since_death":38381,"minecraft:total_world_time":38381,"minecraft:fall_one_cm":5322,"minecraft:fly_one_cm":101300},"minecraft:mined":{"minecraft:grass":4,"minecraft:sugar_cane":1},"minecraft:killed":{"minecraft:sheep":3,"minecraft:spider":1,"minecraft:zombie":1,"minecraft:pig":2,"minecraft:chicken":2},"minecraft:picked_up":{"minecraft:feather":1,"minecraft:chicken":2,"minecraft:porkchop":6,"minecraft:mutton":4,"minecraft:spider_eye":1,"minecraft:white_wool":3}},"DataVersion":3120}