{"stats":{"minecraft:dropped":{"dedsafioitems:dedita_naranja":1,"dedsafioitems:dedita_multicolor":1,"dedsafioitems:cuchara_de_la_resureccion":1},"minecraft:picked_up":{"dedsafioitems:dedita_multicolor":1,"dedsafioitems:cuchara_de_la_resureccion":1,"dedsafioitems:dedita_naranja":1},"minecraft:used":{"minecraft:netherite_sword":2,"minecraft:dark_oak_leaves":1,"friendsandfoes:mauler_spawn_egg":1},"minecraft:killed":{"friendsandfoes:mauler":1},"minecraft:custom":{"minecraft:jump":244,"minecraft:time_since_rest":17579,"minecraft:damage_dealt":200,"minecraft:leave_game":2,"minecraft:crouch_one_cm":1067,"minecraft:time_since_death":17579,"minecraft:play_time":17579,"minecraft:sprint_one_cm":26190,"minecraft:walk_one_cm":8064,"minecraft:sneak_time":259,"minecraft:total_world_time":17579,"minecraft:mob_kills":1,"minecraft:drop":3,"minecraft:fly_one_cm":68765}},"DataVersion":3337}