{"stats":{"minecraft:killed_by":{"alexsmobs:bison":1},"minecraft:mined":{"biomesoplenty:mahogany_log":7,"minecraft:iron_ore":4,"minecraft:birch_log":2,"minecraft:crafting_table":4,"minecraft:coal_ore":19,"supplementaries:stick":1,"minecraft:grass_block":1,"minecraft:stone":18,"minecraft:sugar_cane":4},"minecraft:used":{"minecraft:writable_book":1,"minecraft:stone_pickaxe":35,"minecraft:wooden_pickaxe":7,"minecraft:stick":1,"minecraft:stone_axe":5,"minecraft:dirt":1,"minecraft:cobblestone":1,"minecraft:crafting_table":4,"tombstone:gift":1,"minecraft:egg":2},"minecraft:custom":{"minecraft:time_since_rest":9791,"minecraft:interact_with_furnace":1,"minecraft:sprint_one_cm":55484,"minecraft:damage_taken":280,"minecraft:walk_one_cm":27956,"minecraft:mob_kills":2,"minecraft:damage_dealt":255,"minecraft:swim_one_cm":10631,"minecraft:interact_with_crafting_table":7,"minecraft:fly_one_cm":75273,"minecraft:open_barrel":2,"minecraft:crouch_one_cm":7304,"minecraft:play_time":28495,"minecraft:deaths":1,"minecraft:sneak_time":3109,"minecraft:walk_under_water_one_cm":873,"minecraft:jump":380,"minecraft:leave_game":4,"minecraft:walk_on_water_one_cm":1151,"minecraft:time_since_death":8770,"minecraft:climb_one_cm":854,"minecraft:total_world_time":28495,"minecraft:fall_one_cm":7211},"minecraft:picked_up":{"minecraft:birch_log":4,"minecraft:raw_iron":4,"minecraft:stick":1,"minecraft:crafting_table":4,"tombstone:grave_dust":1,"minecraft:string":1,"minecraft:dirt":1,"biomesoplenty:mahogany_log":7,"minecraft:sugar_cane":11,"minecraft:mutton":2,"minecraft:coal":19,"minecraft:white_wool":1,"minecraft:cobblestone":22,"minecraft:egg":2},"minecraft:crafted":{"minecraft:crafting_table":2,"minecraft:stick":16,"biomesoplenty:mahogany_planks":28,"minecraft:wooden_pickaxe":2,"minecraft:stone_pickaxe":2,"minecraft:birch_planks":16,"minecraft:stone_axe":2},"minecraft:killed":{"minecraft:sheep":1,"minecraft:spider":1}},"DataVersion":2975}