{"stats":{"minecraft:killed_by":{"alexsmobs:bison":1},"minecraft:mined":{"biomesoplenty:mahogany_log":7,"minecraft:crafting_table":2,"minecraft:grass_block":1,"supplementaries:stick":1,"minecraft:coal_ore":11,"minecraft:stone":6,"minecraft:sugar_cane":4},"minecraft:used":{"minecraft:writable_book":1,"minecraft:stone_pickaxe":14,"minecraft:wooden_pickaxe":3,"minecraft:stone_axe":2,"minecraft:stick":1,"minecraft:dirt":1,"minecraft:crafting_table":2,"minecraft:egg":2},"minecraft:custom":{"minecraft:time_since_rest":492,"minecraft:sprint_one_cm":25858,"minecraft:damage_taken":270,"minecraft:walk_one_cm":14856,"minecraft:mob_kills":1,"minecraft:damage_dealt":80,"minecraft:swim_one_cm":8144,"minecraft:interact_with_crafting_table":4,"minecraft:fly_one_cm":35855,"minecraft:open_barrel":2,"minecraft:crouch_one_cm":4039,"minecraft:play_time":19196,"minecraft:deaths":1,"minecraft:sneak_time":1685,"minecraft:walk_under_water_one_cm":669,"minecraft:jump":223,"minecraft:leave_game":4,"minecraft:walk_on_water_one_cm":1020,"minecraft:time_since_death":0,"minecraft:climb_one_cm":714,"minecraft:total_world_time":19196,"minecraft:fall_one_cm":3567},"minecraft:picked_up":{"minecraft:stick":1,"minecraft:crafting_table":2,"minecraft:dirt":1,"biomesoplenty:mahogany_log":7,"minecraft:sugar_cane":11,"minecraft:mutton":2,"minecraft:coal":11,"minecraft:white_wool":1,"minecraft:cobblestone":6,"minecraft:egg":2},"minecraft:crafted":{"minecraft:crafting_table":1,"minecraft:stick":8,"biomesoplenty:mahogany_planks":28,"minecraft:wooden_pickaxe":1,"minecraft:stone_pickaxe":1,"minecraft:stone_axe":1},"minecraft:killed":{"minecraft:sheep":1}},"DataVersion":2975}