{"stats":{"minecraft:killed":{"alexsmobs:tiger":1,"minecraft:skeleton":1,"minecraft:zombie":3,"minecraft:chicken":2,"alexsmobs:fly":1},"minecraft:used":{"minecraft:cooked_mutton":2,"minecraft:water_bucket":22,"minecraft:diorite":1,"farmersdelight:diamond_knife":4,"minecraft:birch_planks":22,"minecraft:stone_pickaxe":60,"minecraft:oak_planks":64,"minecraft:birch_boat":1,"minecraft:wooden_pickaxe":22,"minecraft:shield":15,"minecraft:iron_sword":4,"minecraft:cooked_chicken":1,"minecraft:rotten_flesh":4,"minecraft:iron_chestplate":1,"minecraft:torch":5,"minecraft:dirt":22,"minecraft:crafting_table":6,"minecraft:white_bed":3,"minecraft:granite":5,"minecraft:wooden_axe":4,"minecraft:lava_bucket":1,"minecraft:iron_axe":196,"minecraft:iron_pickaxe":155,"carryon:entity_item":28,"minecraft:dark_oak_slab":1,"minecraft:iron_boots":1,"minecraft:stone_axe":43,"farmersdelight:cutting_board":1,"minecraft:cobblestone":24,"minecraft:furnace":6,"minecraft:bucket":24,"tombstone:gift":2,"quark:oak_chest":3,"alexsmobs:animal_dictionary":31,"minecraft:cobbled_deepslate":1,"minecraft:dandelion":4,"minecraft:dark_oak_sapling":2},"minecraft:mined":{"create:zinc_ore":36,"minecraft:deepslate_redstone_ore":3,"minecraft:tuff":3,"minecraft:white_bed":3,"minecraft:dark_oak_leaves":4,"quark:oak_chest":1,"minecraft:dark_oak_log":160,"minecraft:dandelion":1,"minecraft:crafting_table":4,"minecraft:granite":6,"minecraft:grass_block":4,"minecraft:brown_mushroom_block":5,"minecraft:cobblestone":8,"minecraft:tall_grass":4,"minecraft:copper_ore":8,"minecraft:sugar_cane":3,"minecraft:oak_planks":2,"minecraft:diorite":2,"minecraft:wall_torch":3,"minecraft:furnace":6,"minecraft:birch_log":11,"minecraft:iron_ore":43,"minecraft:birch_leaves":5,"biomesoplenty:clover":2,"minecraft:grass":13,"minecraft:oak_log":45,"minecraft:coal_ore":59,"minecraft:deepslate_iron_ore":16,"minecraft:gravel":1,"minecraft:dirt":17,"minecraft:stone":41,"minecraft:gold_ore":1,"minecraft:dark_oak_planks":1},"minecraft:dropped":{"minecraft:iron_ingot":2,"minecraft:stone_axe":1,"minecraft:dark_oak_sapling":2,"minecraft:dark_oak_log":151,"minecraft:wooden_axe":1,"farmersdelight:minced_beef":1,"minecraft:wooden_pickaxe":1,"minecraft:stone_pickaxe":1,"farmersdelight:diamond_knife":1},"minecraft:picked_up":{"minecraft:nautilus_shell":1,"minecraft:birch_log":11,"minecraft:crafting_table":4,"minecraft:feather":1,"minecraft:chicken":2,"minecraft:brown_mushroom":6,"minecraft:tuff":3,"create:raw_zinc":36,"minecraft:oak_log":45,"farmersdelight:diamond_knife":1,"minecraft:string":1,"minecraft:dirt":22,"minecraft:raw_copper":25,"minecraft:cooked_mutton":2,"minecraft:bone":2,"minecraft:bow":1,"minecraft:wheat_seeds":2,"minecraft:cobbled_deepslate":1,"minecraft:raw_gold":1,"minecraft:bucket":1,"minecraft:sugar_cane":6,"minecraft:iron_sword":1,"minecraft:oak_planks":2,"minecraft:furnace":5,"minecraft:dark_oak_sapling":7,"minecraft:raw_iron":59,"minecraft:dark_oak_slab":1,"minecraft:birch_boat":2,"farmersdelight:minced_beef":1,"minecraft:torch":5,"minecraft:dandelion":5,"minecraft:diorite":2,"minecraft:white_bed":3,"minecraft:redstone":12,"minecraft:dark_oak_log":151,"quark:oak_chest":1,"minecraft:bundle":1,"minecraft:arrow":1,"minecraft:rotten_flesh":4,"minecraft:crossbow":4,"minecraft:granite":6,"alexsmobs:maggot":1,"minecraft:white_wool":2,"minecraft:coal":171,"minecraft:cobblestone":46},"minecraft:crafted":{"minecraft:oak_planks":180,"minecraft:crafting_table":2,"minecraft:cooked_chicken":1,"minecraft:wooden_pickaxe":1,"minecraft:iron_helmet":1,"minecraft:iron_sword":1,"minecraft:furnace":2,"minecraft:bucket":1,"minecraft:birch_planks":44,"minecraft:stone_axe":1,"minecraft:air":0,"farmersdelight:cutting_board":1,"minecraft:iron_boots":1,"minecraft:iron_chestplate":1,"minecraft:shield":1,"minecraft:iron_axe":1,"quark:oak_chest":2,"minecraft:stick":20,"minecraft:iron_ingot":52,"minecraft:iron_pickaxe":2,"minecraft:stone_pickaxe":1,"minecraft:wooden_axe":1,"minecraft:iron_leggings":1,"minecraft:torch":4},"minecraft:custom":{"minecraft:interact_with_furnace":50,"minecraft:mob_kills":9,"minecraft:interact_with_crafting_table":18,"minecraft:open_barrel":1,"minecraft:leave_game":4,"minecraft:time_since_death":4168,"minecraft:sleep_in_bed":5,"minecraft:climb_one_cm":424,"minecraft:time_since_rest":3282,"minecraft:sprint_one_cm":272633,"minecraft:damage_taken":2922,"minecraft:walk_one_cm":271183,"minecraft:damage_blocked_by_shield":520,"minecraft:drop":12,"minecraft:damage_dealt":1439,"minecraft:talked_to_villager":16,"minecraft:swim_one_cm":11978,"minecraft:player_kills":2,"minecraft:fly_one_cm":320700,"minecraft:open_chest":14,"minecraft:crouch_one_cm":18332,"minecraft:play_time":121217,"tombstone:undead_killed":4,"minecraft:deaths":9,"minecraft:sneak_time":5974,"minecraft:walk_under_water_one_cm":17787,"minecraft:jump":1864,"minecraft:interact_with_blast_furnace":2,"minecraft:walk_on_water_one_cm":18215,"minecraft:interact_with_smoker":1,"minecraft:total_world_time":121217,"minecraft:fall_one_cm":51024},"minecraft:killed_by":{"minecraft:player":3,"minecraft:skeleton":2,"alexsmobs:grizzly_bear":1,"alexsmobs:tiger":2}},"DataVersion":2975}