{"stats":{"minecraft:killed_by":{"minecraft:skeleton":2,"alexsmobs:grizzly_bear":1},"minecraft:dropped":{"minecraft:wooden_axe":1,"minecraft:wooden_pickaxe":1,"minecraft:stone_pickaxe":1},"minecraft:used":{"minecraft:water_bucket":4,"minecraft:stone_pickaxe":60,"minecraft:wooden_pickaxe":22,"minecraft:shield":11,"minecraft:rotten_flesh":4,"minecraft:torch":3,"minecraft:dirt":16,"minecraft:crafting_table":3,"minecraft:granite":5,"minecraft:wooden_axe":4,"minecraft:lava_bucket":1,"minecraft:iron_pickaxe":111,"minecraft:stone_axe":9,"minecraft:cobblestone":12,"minecraft:furnace":2,"minecraft:bucket":6,"tombstone:gift":1,"alexsmobs:animal_dictionary":2},"minecraft:custom":{"minecraft:interact_with_furnace":7,"minecraft:mob_kills":4,"minecraft:interact_with_crafting_table":8,"minecraft:leave_game":2,"minecraft:time_since_death":1238,"minecraft:time_since_rest":1274,"minecraft:sprint_one_cm":81177,"minecraft:damage_taken":1570,"minecraft:walk_one_cm":95223,"minecraft:damage_blocked_by_shield":415,"minecraft:drop":3,"minecraft:damage_dealt":437,"minecraft:swim_one_cm":9684,"minecraft:fly_one_cm":107835,"minecraft:crouch_one_cm":4132,"minecraft:play_time":38239,"tombstone:undead_killed":3,"minecraft:deaths":4,"minecraft:sneak_time":1076,"minecraft:walk_under_water_one_cm":8245,"minecraft:jump":690,"minecraft:walk_on_water_one_cm":8095,"minecraft:total_world_time":38239,"minecraft:fall_one_cm":20838},"minecraft:mined":{"create:zinc_ore":33,"minecraft:deepslate_redstone_ore":3,"minecraft:tuff":3,"minecraft:crafting_table":3,"minecraft:granite":6,"minecraft:grass_block":4,"minecraft:tall_grass":4,"minecraft:copper_ore":8,"minecraft:diorite":2,"minecraft:wall_torch":3,"minecraft:furnace":2,"minecraft:birch_log":11,"minecraft:iron_ore":39,"minecraft:birch_leaves":4,"minecraft:coal_ore":38,"minecraft:deepslate_iron_ore":16,"minecraft:gravel":1,"minecraft:dirt":12,"minecraft:stone":40,"minecraft:gold_ore":1},"minecraft:picked_up":{"minecraft:nautilus_shell":1,"minecraft:birch_log":11,"minecraft:crafting_table":3,"minecraft:tuff":3,"create:raw_zinc":33,"minecraft:dirt":16,"minecraft:raw_copper":25,"minecraft:bone":2,"minecraft:raw_gold":1,"minecraft:furnace":2,"minecraft:raw_iron":55,"minecraft:torch":4,"minecraft:diorite":2,"minecraft:redstone":12,"minecraft:bundle":1,"minecraft:arrow":1,"minecraft:rotten_flesh":4,"minecraft:granite":6,"minecraft:coal":108,"minecraft:cobblestone":40},"minecraft:killed":{"minecraft:skeleton":1,"minecraft:zombie":2},"minecraft:crafted":{"minecraft:crafting_table":1,"minecraft:wooden_pickaxe":1,"minecraft:furnace":1,"minecraft:bucket":1,"minecraft:birch_planks":44,"minecraft:stone_axe":1,"minecraft:air":0,"minecraft:shield":1,"minecraft:stick":12,"minecraft:iron_ingot":8,"minecraft:iron_pickaxe":1,"minecraft:stone_pickaxe":1,"minecraft:wooden_axe":1,"minecraft:torch":4}},"DataVersion":2975}