{"stats":{"minecraft:killed_by":{"minecraft:enderman":1},"minecraft:dropped":{"minecraft:wheat_seeds":20,"minecraft:oak_log":159,"minecraft:cooked_porkchop":2,"minecraft:cobblestone":1,"minecraft:leather":2,"minecraft:acacia_log":9,"minecraft:stick":11,"minecraft:flint":4,"byg:cattail":1,"minecraft:dirt":1,"byg:rainbow_eucalyptus_planks":251,"minecraft:wooden_axe":1,"minecraft:sand":2,"minecraft:orange_bed":2,"byg:baobab_log":448,"dynamictrees:acacia_seed":5,"minecraft:sugar_cane":5,"alexsmobs:gazelle_horn":1,"byg:blue_sand":1,"farmersdelight:cabbage_seeds":1,"minecraft:rotten_flesh":1,"minecraft:blast_furnace":1,"minecraft:poppy":3,"minecraft:beetroot_seeds":17,"minecraft:melon_seeds":2,"minecraft:chainmail_boots":1,"minecraft:wooden_pickaxe":1,"minecraft:stone_pickaxe":2,"dtbyg:baobab_seed":10},"minecraft:used":{"minecraft:stone_shovel":101,"byg:baobab_planks":1,"farmersdelight:rich_soil":6,"dynamictrees:oak_seed":10,"minecraft:stone_hoe":44,"minecraft:rotten_flesh":1,"minecraft:orange_bed":1,"paraglider:goddess_statue":1,"minecraft:dirt":13,"minecraft:wooden_axe":20,"minecraft:iron_axe":14,"carryon:entity_item":8,"byg:rainbow_eucalyptus_planks":49,"dtbyg:rainbow_eucalyptus_seed":1,"tombstone:gift":4,"minecraft:cooked_mutton":1,"minecraft:water_bucket":1,"minecraft:stone_pickaxe":74,"minecraft:cactus":1,"minecraft:wooden_pickaxe":4,"minecraft:green_bed":8,"minecraft:sand":12,"minecraft:crafting_table":10,"minecraft:lime_bed":2,"minecraft:bread":21,"minecraft:iron_pickaxe":23,"minecraft:gravel":40,"byg:rainbow_eucalyptus_boat":2,"minecraft:stone_axe":60,"byg:baobab_log":3,"dtbyg:baobab_seed":4,"minecraft:cobblestone":2,"minecraft:cooked_porkchop":4,"minecraft:bucket":2,"alexsmobs:animal_dictionary":13},"minecraft:crafted":{"minecraft:stone_shovel":1,"minecraft:furnace":1,"minecraft:iron_axe":1,"minecraft:stone_pickaxe":1,"minecraft:stone_hoe":1,"minecraft:wheat":378,"byg:rainbow_eucalyptus_planks":316,"minecraft:cooked_porkchop":6,"minecraft:crafting_table":3,"minecraft:wooden_pickaxe":1,"minecraft:bucket":1,"minecraft:hay_block":5,"minecraft:stone_axe":1,"minecraft:bread":111,"minecraft:air":0,"minecraft:shield":1,"minecraft:stick":16,"minecraft:iron_pickaxe":1,"minecraft:wooden_axe":1,"byg:rainbow_eucalyptus_boat":1,"minecraft:shears":1},"minecraft:mined":{"byg:rainbow_eucalyptus_planks":9,"farmersdelight:rich_soil":14,"byg:cattail":2,"dynamictrees:oak_root":1,"dtbyg:rainbow_eucalyptus_sapling":1,"minecraft:hay_block":42,"minecraft:iron_ore":15,"croptopia:soybean_crop":1,"create:copper_ore":2,"byg:blue_sand":1,"minecraft:stone":47,"minecraft:green_bed":8,"minecraft:orange_bed":2,"dtbyg:baobab_sapling":1,"minecraft:dandelion":1,"minecraft:crafting_table":8,"dynamictrees:acacia_leaves":6,"minecraft:blast_furnace":1,"minecraft:poppy":1,"minecraft:dead_bush":2,"minecraft:tall_grass":6,"minecraft:sugar_cane":6,"minecraft:seagrass":1,"minecraft:lime_bed":2,"minecraft:cactus":1,"byg:short_grass":1,"minecraft:grass_path":12,"minecraft:grass":11,"minecraft:coal_ore":34,"minecraft:gravel":55,"minecraft:sand":21,"minecraft:dirt":2,"dynamictrees:oak_sapling":4,"paraglider:goddess_statue":2},"minecraft:custom":{"minecraft:mob_kills":18,"minecraft:interact_with_crafting_table":19,"minecraft:bell_ring":6,"minecraft:leave_game":9,"minecraft:time_since_death":50119,"minecraft:sprint_one_cm":250816,"minecraft:walk_one_cm":177118,"minecraft:drop":47,"minecraft:talked_to_villager":7,"minecraft:deaths":3,"minecraft:sneak_time":3512,"minecraft:walk_under_water_one_cm":12243,"minecraft:boat_one_cm":75486,"minecraft:jump":2053,"minecraft:walk_on_water_one_cm":16137,"minecraft:interact_with_furnace":11,"minecraft:play_one_minute":92475,"minecraft:sleep_in_bed":7,"minecraft:time_since_rest":24213,"minecraft:damage_taken":3889,"tombstone:sneak_grave":3,"minecraft:damage_dealt":5032,"minecraft:swim_one_cm":28140,"minecraft:fly_one_cm":491924,"minecraft:player_kills":2,"minecraft:open_chest":20,"minecraft:crouch_one_cm":10117,"tombstone:undead_killed":1,"minecraft:fall_one_cm":49643},"minecraft:broken":{"minecraft:stone_axe":1},"minecraft:picked_up":{"minecraft:crafting_table":8,"minecraft:chainmail_boots":2,"dtbyg:rainbow_eucalyptus_seed":6,"byg:rainbow_eucalyptus_planks":10,"minecraft:wooden_pickaxe":1,"byg:rainbow_eucalyptus_boat":2,"alexsmobs:gazelle_horn":1,"paraglider:goddess_statue":2,"minecraft:string":2,"byg:baobab_log":728,"croptopia:soybean":2,"minecraft:poppy":6,"dynamictrees:oak_seed":24,"minecraft:sugar_cane":10,"farmersdelight:cabbage_seeds":1,"minecraft:stick":87,"minecraft:green_bed":8,"minecraft:acacia_log":9,"minecraft:porkchop":8,"minecraft:carrot":1,"byg:cattail":1,"minecraft:orange_bed":3,"minecraft:cactus":1,"minecraft:rotten_flesh":4,"minecraft:beetroot_seeds":17,"minecraft:hay_block":40,"minecraft:saddle":1,"minecraft:cobblestone":47,"minecraft:lime_bed":2,"farmersdelight:rich_soil":14,"minecraft:feather":2,"minecraft:salmon":4,"minecraft:leather":2,"minecraft:flint":4,"minecraft:oak_log":159,"minecraft:dirt":16,"byg:blue_sand":1,"byg:baobab_planks":1,"minecraft:cooked_mutton":1,"byg:rainbow_eucalyptus_log":79,"create:copper_ore":2,"minecraft:wheat_seeds":22,"minecraft:iron_ingot":17,"minecraft:stone_pickaxe":1,"minecraft:iron_ore":13,"croptopia:roe":4,"dtbyg:baobab_seed":15,"minecraft:cooked_porkchop":2,"minecraft:gravel":41,"minecraft:sand":23,"dynamictrees:acacia_seed":5,"minecraft:blast_furnace":1,"minecraft:spider_eye":1,"minecraft:bread":56,"minecraft:melon_seeds":2,"minecraft:coal":35},"minecraft:killed":{"alexsmobs:tarantula_hawk":1,"minecraft:spider":1,"alexsmobs:seagull":1,"minecraft:husk":1,"minecraft:pig":2,"minecraft:salmon":4,"minecraft:iron_golem":2,"alexsmobs:gazelle":1,"alexsmobs:roadrunner":3,"minecraft:enderman":1}},"DataVersion":2586}