{"stats":{"minecraft:killed_by":{"alexsmobs:grizzly_bear":1},"minecraft:dropped":{"minecraft:wooden_pickaxe":1,"minecraft:wooden_axe":1},"minecraft:mined":{"minecraft:grass_block":4,"minecraft:coal_ore":18,"minecraft:dirt":12,"minecraft:birch_log":11,"minecraft:copper_ore":5,"minecraft:tall_grass":4,"minecraft:stone":26,"minecraft:birch_leaves":4,"minecraft:crafting_table":1},"minecraft:used":{"minecraft:stone_axe":1,"minecraft:wooden_axe":4,"minecraft:crafting_table":1,"minecraft:stone_pickaxe":27,"tombstone:gift":1,"alexsmobs:animal_dictionary":1,"minecraft:wooden_pickaxe":22},"minecraft:custom":{"minecraft:time_since_rest":979,"minecraft:deaths":2,"minecraft:crouch_one_cm":392,"minecraft:play_time":15801,"minecraft:sprint_one_cm":30237,"minecraft:damage_taken":1160,"minecraft:walk_one_cm":17705,"minecraft:sneak_time":83,"minecraft:drop":2,"minecraft:jump":222,"minecraft:leave_game":1,"minecraft:time_since_death":956,"minecraft:total_world_time":15801,"minecraft:fall_one_cm":12881,"minecraft:interact_with_crafting_table":3,"minecraft:fly_one_cm":40509},"minecraft:picked_up":{"minecraft:raw_copper":17,"minecraft:birch_log":11,"minecraft:crafting_table":1,"minecraft:coal":18,"minecraft:dirt":16,"minecraft:cobblestone":26},"minecraft:crafted":{"minecraft:birch_planks":44,"minecraft:stone_axe":1,"minecraft:crafting_table":1,"minecraft:stick":12,"minecraft:wooden_pickaxe":1,"minecraft:stone_pickaxe":1,"minecraft:wooden_axe":1}},"DataVersion":2975}