{"stats":{"minecraft:killed_by":{"minecraft:skeleton":1,"alexsmobs:grizzly_bear":1},"minecraft:dropped":{"minecraft:wooden_axe":1,"minecraft:stone_pickaxe":1,"minecraft:wooden_pickaxe":1},"minecraft:used":{"minecraft:wooden_axe":4,"minecraft:stone_pickaxe":60,"minecraft:iron_pickaxe":19,"minecraft:wooden_pickaxe":22,"minecraft:stone_axe":2,"minecraft:torch":1,"minecraft:dirt":6,"minecraft:crafting_table":2,"minecraft:furnace":1,"tombstone:gift":1,"alexsmobs:animal_dictionary":1},"minecraft:custom":{"minecraft:time_since_rest":7823,"minecraft:interact_with_furnace":4,"minecraft:sprint_one_cm":58078,"minecraft:damage_taken":1350,"minecraft:walk_one_cm":34950,"minecraft:drop":3,"minecraft:damage_dealt":10,"minecraft:swim_one_cm":9684,"minecraft:interact_with_crafting_table":5,"minecraft:fly_one_cm":81398,"minecraft:crouch_one_cm":2269,"minecraft:play_time":25792,"minecraft:deaths":3,"minecraft:sneak_time":521,"minecraft:walk_under_water_one_cm":6022,"minecraft:jump":455,"minecraft:leave_game":1,"minecraft:time_since_death":7803,"minecraft:walk_on_water_one_cm":5482,"minecraft:total_world_time":25792,"minecraft:fall_one_cm":18726},"minecraft:mined":{"create:zinc_ore":12,"minecraft:furnace":1,"minecraft:iron_ore":4,"minecraft:birch_log":11,"minecraft:birch_leaves":4,"minecraft:crafting_table":2,"minecraft:granite":5,"minecraft:grass_block":4,"minecraft:coal_ore":37,"minecraft:dirt":12,"minecraft:copper_ore":8,"minecraft:tall_grass":4,"minecraft:stone":34,"minecraft:wall_torch":2},"minecraft:picked_up":{"minecraft:birch_log":11,"minecraft:raw_iron":4,"minecraft:crafting_table":2,"minecraft:torch":3,"create:raw_zinc":12,"minecraft:dirt":16,"minecraft:raw_copper":25,"minecraft:granite":5,"minecraft:coal":72,"minecraft:cobblestone":34,"minecraft:furnace":1},"minecraft:crafted":{"minecraft:crafting_table":1,"minecraft:stick":12,"minecraft:iron_pickaxe":1,"minecraft:iron_ingot":3,"minecraft:wooden_pickaxe":1,"minecraft:stone_pickaxe":1,"minecraft:wooden_axe":1,"minecraft:furnace":1,"minecraft:torch":4,"minecraft:birch_planks":44,"minecraft:stone_axe":1,"minecraft:air":0}},"DataVersion":2975}