{"stats":{"minecraft:used":{"minecraft:stone_shovel":107,"byg:baobab_planks":1,"comforts:sleeping_bag_red":1,"minecraft:shield":16,"farmersdelight:rich_soil":6,"dynamictrees:oak_seed":10,"minecraft:stone_hoe":44,"minecraft:rotten_flesh":1,"minecraft:orange_bed":1,"paraglider:goddess_statue":1,"minecraft:dirt":23,"minecraft:wooden_axe":20,"minecraft:iron_axe":72,"carryon:entity_item":18,"byg:rainbow_eucalyptus_planks":49,"dtbyg:rainbow_eucalyptus_seed":1,"minecraft:furnace":2,"tombstone:gift":5,"comforts:sleeping_bag_white":2,"minecraft:cooked_mutton":1,"minecraft:wheat_seeds":6,"minecraft:water_bucket":3,"minecraft:diorite":2,"minecraft:iron_ore":12,"minecraft:stone_pickaxe":74,"minecraft:cactus":1,"minecraft:wooden_pickaxe":4,"minecraft:green_bed":8,"minecraft:sand":29,"minecraft:lime_bed":2,"minecraft:crafting_table":14,"minecraft:diamond_shovel":19,"minecraft:bread":37,"minecraft:iron_pickaxe":451,"minecraft:gravel":43,"byg:rainbow_eucalyptus_boat":2,"minecraft:stone_axe":60,"byg:baobab_log":3,"minecraft:cobblestone":5,"dtbyg:baobab_seed":14,"minecraft:cooked_porkchop":4,"minecraft:andesite":2,"minecraft:bucket":3,"alexsmobs:animal_dictionary":13,"minecraft:bone_meal":9},"minecraft:custom":{"minecraft:mob_kills":40,"minecraft:interact_with_crafting_table":30,"minecraft:bell_ring":6,"minecraft:leave_game":16,"minecraft:time_since_death":112704,"minecraft:sprint_one_cm":345392,"minecraft:walk_one_cm":296941,"minecraft:damage_blocked_by_shield":500,"minecraft:drop":131,"minecraft:talked_to_villager":29,"minecraft:deaths":3,"minecraft:sneak_time":5758,"minecraft:walk_under_water_one_cm":15001,"minecraft:boat_one_cm":75486,"minecraft:jump":2782,"minecraft:walk_on_water_one_cm":21980,"minecraft:interact_with_furnace":34,"minecraft:traded_with_villager":4,"minecraft:play_one_minute":155060,"minecraft:sleep_in_bed":11,"minecraft:time_since_rest":38801,"minecraft:damage_taken":4499,"tombstone:sneak_grave":3,"minecraft:damage_dealt":8797,"minecraft:player_kills":2,"minecraft:swim_one_cm":32975,"minecraft:fly_one_cm":626763,"minecraft:open_chest":76,"minecraft:crouch_one_cm":16140,"tombstone:undead_killed":14,"minecraft:fall_one_cm":66420},"minecraft:dropped":{"sophisticatedbackpacks:iron_backpack":1,"minecraft:gold_ore":29,"minecraft:iron_ingot":2,"minecraft:wheat_seeds":42,"minecraft:oak_log":159,"minecraft:diamond":2,"minecraft:cooked_porkchop":2,"minecraft:cobblestone":10,"minecraft:leather":2,"minecraft:granite":2,"minecraft:acacia_log":9,"minecraft:coal":51,"minecraft:flint":4,"minecraft:stick":14,"byg:cattail":1,"minecraft:dirt":1,"minecraft:diorite":1,"byg:rainbow_eucalyptus_planks":251,"byg:soapstone":2,"minecraft:wooden_axe":6,"minecraft:sand":2,"minecraft:iron_pickaxe":4,"minecraft:orange_bed":2,"minecraft:iron_shovel":6,"minecraft:bucket":1,"byg:baobab_log":448,"dynamictrees:acacia_seed":5,"minecraft:gravel":1,"minecraft:stone_axe":2,"minecraft:sugar_cane":5,"alexsmobs:gazelle_horn":1,"byg:blue_sand":1,"minecraft:wheat":3,"farmersdelight:cabbage_seeds":1,"minecraft:stone_shovel":7,"minecraft:rotten_flesh":1,"minecraft:iron_boots":21,"croptopia:saguaro_seed":2,"minecraft:carrot":9,"minecraft:blast_furnace":1,"minecraft:poppy":3,"byg:rocky_stone":2,"minecraft:iron_chestplate":1,"minecraft:beetroot_seeds":17,"minecraft:melon_seeds":2,"minecraft:chainmail_boots":3,"minecraft:iron_ore":42,"minecraft:bow":1,"minecraft:stone_pickaxe":6,"minecraft:wooden_pickaxe":5,"dtbyg:baobab_seed":10},"minecraft:broken":{"minecraft:stone_axe":1,"minecraft:iron_pickaxe":1},"minecraft:mined":{"minecraft:diamond_ore":8,"byg:rainbow_eucalyptus_planks":9,"farmersdelight:rich_soil":14,"byg:cattail":2,"minecraft:granite":25,"dtbyg:rainbow_eucalyptus_sapling":1,"dynamictrees:oak_root":1,"minecraft:hay_block":42,"minecraft:furnace":1,"minecraft:carrots":2,"minecraft:iron_ore":140,"comforts:sleeping_bag_red":1,"croptopia:soybean_crop":1,"minecraft:andesite":11,"create:copper_ore":2,"byg:blue_sand":1,"byg:rocky_stone":6,"minecraft:stone":168,"minecraft:orange_bed":2,"minecraft:green_bed":8,"dtbyg:baobab_sapling":1,"minecraft:dandelion":1,"minecraft:crafting_table":12,"minecraft:blast_furnace":1,"dynamictrees:acacia_leaves":6,"minecraft:poppy":2,"minecraft:dead_bush":2,"minecraft:tall_grass":6,"minecraft:sugar_cane":6,"minecraft:diorite":3,"minecraft:seagrass":1,"minecraft:cactus":1,"minecraft:lime_bed":2,"byg:soapstone":2,"minecraft:wheat":4,"byg:short_grass":1,"minecraft:grass_path":12,"minecraft:grass":12,"minecraft:coal_ore":85,"minecraft:sand":31,"minecraft:gravel":59,"minecraft:dirt":13,"dynamictrees:oak_sapling":4,"minecraft:gold_ore":43,"paraglider:goddess_statue":2,"create:zinc_ore":32},"minecraft:killed":{"alexsmobs:tarantula_hawk":1,"minecraft:spider":2,"alexsmobs:seagull":1,"minecraft:skeleton":6,"minecraft:husk":1,"minecraft:pig":2,"minecraft:salmon":4,"minecraft:iron_golem":2,"minecraft:creeper":1,"minecraft:sheep":3,"alexsmobs:crocodile":1,"minecraft:zombie":7,"alexsmobs:gazelle":1,"alexsmobs:roadrunner":3,"minecraft:enderman":1,"minecraft:cow":2},"minecraft:picked_up":{"minecraft:wooden_axe":2,"minecraft:crafting_table":11,"byg:soapstone":2,"minecraft:wheat":3,"minecraft:chainmail_boots":2,"dtbyg:rainbow_eucalyptus_seed":6,"byg:rainbow_eucalyptus_planks":10,"minecraft:wooden_pickaxe":2,"byg:rainbow_eucalyptus_boat":2,"alexsmobs:gazelle_horn":1,"paraglider:goddess_statue":2,"croptopia:saguaro_seed":1,"minecraft:string":4,"byg:baobab_log":728,"minecraft:iron_shovel":3,"croptopia:soybean":2,"comforts:sleeping_bag_white":2,"minecraft:beef":3,"create:zinc_ore":33,"dynamictrees:oak_seed":24,"minecraft:poppy":7,"minecraft:iron_pickaxe":2,"minecraft:sugar_cane":10,"minecraft:chest":1,"farmersdelight:cabbage_seeds":1,"minecraft:iron_boots":4,"minecraft:furnace":1,"minecraft:stick":89,"minecraft:torch":1,"minecraft:acacia_log":9,"minecraft:green_bed":8,"sophisticatedbackpacks:backpack":1,"minecraft:porkchop":8,"tombstone:grave_dust":5,"minecraft:diorite":3,"minecraft:carrot":14,"byg:cattail":1,"minecraft:orange_bed":3,"minecraft:arrow":8,"minecraft:cactus":1,"minecraft:stone_shovel":3,"minecraft:rotten_flesh":12,"minecraft:beetroot_seeds":17,"minecraft:hay_block":40,"comforts:sleeping_bag_red":1,"minecraft:saddle":1,"minecraft:mutton":4,"byg:rocky_stone":7,"minecraft:white_wool":3,"minecraft:cobblestone":158,"farmersdelight:rich_soil":14,"minecraft:lime_bed":2,"minecraft:feather":2,"minecraft:andesite":2,"minecraft:salmon":4,"minecraft:leather":5,"minecraft:flint":4,"minecraft:oak_log":159,"minecraft:dirt":27,"byg:blue_sand":1,"byg:baobab_planks":1,"minecraft:cooked_mutton":1,"minecraft:bone":6,"byg:rainbow_eucalyptus_log":79,"create:copper_ore":2,"minecraft:bow":3,"minecraft:wheat_seeds":33,"minecraft:iron_ingot":17,"minecraft:stone_pickaxe":3,"minecraft:iron_ore":150,"croptopia:roe":4,"dtbyg:baobab_seed":15,"minecraft:cooked_porkchop":2,"minecraft:gravel":45,"minecraft:sand":33,"dynamictrees:acacia_seed":5,"minecraft:blast_furnace":1,"minecraft:gold_ore":43,"minecraft:spider_eye":1,"minecraft:diamond_shovel":1,"minecraft:diamond":10,"minecraft:stone_axe":1,"minecraft:granite":13,"minecraft:bread":56,"minecraft:emerald":58,"minecraft:melon_seeds":2,"minecraft:coal":83},"minecraft:crafted":{"comforts:sleeping_bag_red":1,"minecraft:stone_shovel":1,"comforts:sleeping_bag_white":1,"minecraft:furnace":1,"minecraft:bone_meal":6,"minecraft:diamond_helmet":1,"minecraft:diamond_leggings":1,"minecraft:iron_axe":1,"minecraft:stone_pickaxe":1,"minecraft:diamond_boots":1,"minecraft:stone_hoe":1,"sophisticatedbackpacks:iron_backpack":2,"minecraft:wheat":378,"minecraft:cooked_beef":5,"minecraft:red_dye":1,"byg:rainbow_eucalyptus_planks":316,"minecraft:emerald":1,"sophisticatedbackpacks:backpack":1,"minecraft:cooked_porkchop":6,"minecraft:crafting_table":3,"minecraft:wooden_pickaxe":1,"minecraft:bucket":1,"minecraft:hay_block":5,"minecraft:stone_axe":1,"minecraft:bread":111,"minecraft:air":0,"minecraft:shield":1,"minecraft:stick":20,"minecraft:iron_ingot":22,"minecraft:iron_pickaxe":2,"minecraft:wooden_axe":1,"minecraft:gold_ingot":3,"byg:rainbow_eucalyptus_boat":1,"minecraft:shears":1},"minecraft:killed_by":{"minecraft:enderman":1}},"DataVersion":2586}