{"stats":{"minecraft:killed":{"minecraft:skeleton":1,"minecraft:zombie":3,"minecraft:chicken":1,"alexsmobs:fly":1},"minecraft:used":{"minecraft:cooked_mutton":2,"minecraft:water_bucket":21,"minecraft:diorite":1,"minecraft:birch_planks":22,"minecraft:stone_pickaxe":60,"minecraft:oak_planks":64,"minecraft:birch_boat":1,"minecraft:wooden_pickaxe":22,"minecraft:shield":11,"minecraft:rotten_flesh":4,"minecraft:iron_chestplate":1,"minecraft:torch":3,"minecraft:dirt":22,"minecraft:crafting_table":4,"minecraft:white_bed":1,"minecraft:granite":5,"minecraft:wooden_axe":4,"minecraft:lava_bucket":1,"minecraft:iron_pickaxe":148,"carryon:entity_item":24,"minecraft:dark_oak_slab":1,"minecraft:iron_boots":1,"minecraft:stone_axe":43,"minecraft:cobblestone":24,"minecraft:furnace":5,"minecraft:bucket":23,"tombstone:gift":1,"alexsmobs:animal_dictionary":15,"minecraft:dandelion":4},"minecraft:mined":{"create:zinc_ore":36,"minecraft:deepslate_redstone_ore":3,"minecraft:tuff":3,"minecraft:white_bed":1,"minecraft:crafting_table":3,"minecraft:granite":6,"minecraft:grass_block":4,"minecraft:cobblestone":8,"minecraft:tall_grass":4,"minecraft:copper_ore":8,"minecraft:oak_planks":2,"minecraft:diorite":2,"minecraft:wall_torch":3,"minecraft:furnace":5,"minecraft:birch_log":11,"minecraft:iron_ore":39,"minecraft:birch_leaves":4,"minecraft:grass":7,"minecraft:oak_log":24,"minecraft:coal_ore":59,"minecraft:deepslate_iron_ore":16,"minecraft:gravel":1,"minecraft:dirt":17,"minecraft:stone":40,"minecraft:gold_ore":1,"minecraft:dark_oak_planks":1},"minecraft:dropped":{"minecraft:iron_ingot":1,"minecraft:wooden_axe":1,"minecraft:wooden_pickaxe":1,"minecraft:stone_pickaxe":1},"minecraft:picked_up":{"minecraft:nautilus_shell":1,"minecraft:birch_log":11,"minecraft:crafting_table":3,"minecraft:chicken":1,"minecraft:tuff":3,"create:raw_zinc":36,"minecraft:oak_log":24,"minecraft:dirt":22,"minecraft:raw_copper":25,"minecraft:cooked_mutton":2,"minecraft:bone":2,"minecraft:raw_gold":1,"minecraft:bucket":1,"minecraft:oak_planks":2,"minecraft:furnace":4,"minecraft:raw_iron":55,"minecraft:dark_oak_slab":1,"minecraft:birch_boat":2,"minecraft:torch":5,"minecraft:dandelion":5,"minecraft:diorite":2,"minecraft:white_bed":1,"minecraft:redstone":12,"minecraft:bundle":1,"minecraft:arrow":1,"minecraft:rotten_flesh":4,"minecraft:granite":6,"alexsmobs:maggot":1,"minecraft:coal":152,"minecraft:cobblestone":45},"minecraft:crafted":{"minecraft:oak_planks":96,"minecraft:crafting_table":1,"minecraft:wooden_pickaxe":1,"minecraft:iron_helmet":1,"minecraft:furnace":1,"minecraft:bucket":1,"minecraft:birch_planks":44,"minecraft:stone_axe":1,"minecraft:air":0,"minecraft:iron_boots":1,"minecraft:iron_chestplate":1,"minecraft:shield":1,"minecraft:stick":12,"minecraft:iron_ingot":48,"minecraft:iron_pickaxe":1,"minecraft:stone_pickaxe":1,"minecraft:wooden_axe":1,"minecraft:iron_leggings":1,"minecraft:torch":4},"minecraft:custom":{"minecraft:interact_with_furnace":45,"minecraft:mob_kills":7,"minecraft:interact_with_crafting_table":12,"minecraft:leave_game":3,"minecraft:time_since_death":9940,"minecraft:sleep_in_bed":2,"minecraft:climb_one_cm":424,"minecraft:time_since_rest":1852,"minecraft:sprint_one_cm":194994,"minecraft:damage_taken":2157,"minecraft:walk_one_cm":168844,"minecraft:damage_blocked_by_shield":415,"minecraft:drop":4,"minecraft:damage_dealt":798,"minecraft:talked_to_villager":3,"minecraft:swim_one_cm":10289,"minecraft:player_kills":1,"minecraft:fly_one_cm":223184,"minecraft:open_chest":1,"minecraft:crouch_one_cm":14273,"minecraft:play_time":70312,"tombstone:undead_killed":4,"minecraft:deaths":6,"minecraft:sneak_time":3609,"minecraft:walk_under_water_one_cm":16774,"minecraft:jump":1398,"minecraft:walk_on_water_one_cm":15735,"minecraft:total_world_time":70312,"minecraft:fall_one_cm":38644},"minecraft:killed_by":{"minecraft:player":2,"minecraft:skeleton":2,"alexsmobs:grizzly_bear":1}},"DataVersion":2975}