{"stats":{"minecraft:dropped":{"minecraft:poppy":1,"byg:blue_sand":1,"farmersdelight:cabbage_seeds":1},"minecraft:custom":{"minecraft:time_since_rest":2772,"minecraft:crouch_one_cm":1105,"minecraft:play_one_minute":9538,"minecraft:deaths":1,"minecraft:sprint_one_cm":15259,"minecraft:damage_taken":488,"minecraft:walk_one_cm":16548,"minecraft:sneak_time":205,"tombstone:sneak_grave":2,"minecraft:walk_under_water_one_cm":1407,"minecraft:drop":3,"minecraft:jump":160,"minecraft:damage_dealt":291,"minecraft:time_since_death":3286,"minecraft:walk_on_water_one_cm":1510,"minecraft:interact_with_crafting_table":1,"minecraft:fly_one_cm":21266,"minecraft:fall_one_cm":3568,"minecraft:player_kills":2},"minecraft:crafted":{"byg:rainbow_eucalyptus_planks":84,"minecraft:crafting_table":1,"minecraft:stick":16,"minecraft:wooden_axe":1},"minecraft:used":{"minecraft:wooden_axe":5,"minecraft:crafting_table":1,"dtbyg:rainbow_eucalyptus_seed":1,"tombstone:gift":2,"alexsmobs:animal_dictionary":1},"minecraft:mined":{"minecraft:grass":3,"minecraft:poppy":1,"minecraft:tall_grass":2,"minecraft:dandelion":1,"byg:blue_sand":1,"dtbyg:rainbow_eucalyptus_sapling":1},"minecraft:picked_up":{"minecraft:cooked_mutton":1,"minecraft:crafting_table":1,"minecraft:stick":10,"dtbyg:rainbow_eucalyptus_seed":6,"byg:rainbow_eucalyptus_log":79,"minecraft:wheat_seeds":2,"minecraft:poppy":2,"byg:blue_sand":1,"farmersdelight:cabbage_seeds":1}},"DataVersion":2586}