{"stats":{"minecraft:killed":{"alexsmobs:hummingbird":1,"alexsmobs:raccoon":2,"minecraft:skeleton":3,"minecraft:llama":1,"artifacts:mimic":1,"minecraft:creeper":2,"minecraft:sheep":14,"minecraft:zombie":13,"minecraft:cow":1},"minecraft:used":{"minecraft:oak_sign":1,"minecraft:shield":16,"minecraft:iron_sword":136,"minecraft:rotten_flesh":13,"minecraft:torch":34,"minecraft:mutton":1,"quark:blossom_planks_slab":6,"minecraft:lava_bucket":1,"quark:deepslate_furnace":1,"minecraft:iron_axe":101,"carryon:entity_item":9,"minecraft:light_gray_wool":1,"minecraft:furnace":2,"minecraft:oak_sapling":1,"quark:blossom_planks":210,"tombstone:gift":4,"minecraft:egg":1,"minecraft:cooked_mutton":14,"minecraft:water_bucket":21,"minecraft:stone_pickaxe":44,"minecraft:wooden_pickaxe":10,"minecraft:white_wool":1,"minecraft:glow_berries":6,"minecraft:dark_oak_trapdoor":1,"minecraft:crafting_table":8,"minecraft:white_bed":10,"minecraft:iron_pickaxe":145,"minecraft:stone_axe":31,"minecraft:cobbled_deepslate_slab":5,"minecraft:bucket":23,"alexsmobs:animal_dictionary":2,"minecraft:dandelion":11},"minecraft:mined":{"create:zinc_ore":8,"create:deepslate_zinc_ore":11,"minecraft:white_bed":7,"quark:yellow_blossom_leaves":1,"minecraft:deepslate_diamond_ore":1,"biomesoplenty:bush":3,"minecraft:black_stained_glass_pane":2,"minecraft:furnace":2,"quark:pink_blossom_leaves":13,"minecraft:iron_ore":46,"quark:blossom_planks":18,"biomesoplenty:spider_egg":1,"minecraft:stone":33,"quark:blossom_planks_slab":1,"create:veridium":14,"minecraft:dandelion":1,"minecraft:crafting_table":7,"minecraft:torch":1,"minecraft:emerald_ore":1,"quark:blossom_log":107,"minecraft:diorite":3,"minecraft:wall_torch":1,"supplementaries:urn":3,"quark:deepslate_furnace":2,"minecraft:grass":5,"minecraft:coal_ore":58,"minecraft:oak_log":4,"minecraft:gravel":19,"minecraft:oak_leaves":8,"minecraft:deepslate":17},"minecraft:dropped":{"minecraft:lapis_lazuli":2,"minecraft:dark_oak_slab":2,"minecraft:rail":1,"minecraft:coal":1,"supplementaries:lapis_bricks":1,"minecraft:flint":2,"minecraft:gray_wool":1,"quark:blossom_log":49,"minecraft:dark_oak_trapdoor":1,"tombstone:grave_dust":1,"minecraft:string":1,"minecraft:white_wool":2,"alexsmobs:raccoon_tail":1,"minecraft:bucket":1,"minecraft:gravel":13,"quark:blossom_planks_slab":1,"minecraft:cobbled_deepslate":1,"minecraft:raw_copper":1,"minecraft:chicken":2,"minecraft:light_gray_wool":1,"minecraft:cooked_mutton":2,"supplementaries:flax_seeds":4,"supplementaries:quiver":1,"create:veridium":13,"minecraft:birch_boat":1,"minecraft:wooden_pickaxe":1},"minecraft:picked_up":{"minecraft:crafting_table":7,"minecraft:chicken":2,"tombstone:grave_key":1,"minecraft:string":1,"minecraft:dark_oak_trapdoor":2,"minecraft:oak_sign":1,"minecraft:cobbled_deepslate":17,"minecraft:beef":1,"alexsmobs:raccoon_tail":1,"minecraft:light_gray_wool":2,"minecraft:furnace":2,"minecraft:egg":1,"minecraft:raw_iron":75,"minecraft:torch":3,"quark:blossom_log":103,"quark:deepslate_furnace":2,"quark:blossom_planks_slab":1,"tombstone:grave_dust":3,"minecraft:diorite":3,"quark:blossom_planks":17,"minecraft:arrow":3,"minecraft:rotten_flesh":13,"supplementaries:ash":13,"create:veridium":13,"supplementaries:quiver":1,"minecraft:mutton":22,"minecraft:white_wool":12,"minecraft:bone_block":17,"minecraft:cobblestone":34,"minecraft:leather":1,"minecraft:flint":2,"create:raw_zinc":18,"minecraft:oak_log":4,"supplementaries:flax_seeds":4,"minecraft:gunpowder":1,"artifacts:shock_pendant":1,"minecraft:bone":7,"minecraft:iron_ingot":1,"minecraft:dark_oak_slab":2,"minecraft:birch_boat":1,"minecraft:dandelion":11,"minecraft:gravel":16,"sophisticatedbackpacks:iron_backpack":1,"minecraft:white_bed":7,"minecraft:diamond":1,"minecraft:gray_wool":1,"minecraft:emerald":1,"minecraft:oak_sapling":1,"minecraft:coal":99},"minecraft:custom":{"minecraft:mob_kills":39,"minecraft:interact_with_crafting_table":25,"minecraft:open_barrel":4,"minecraft:damage_dealt_resisted":332,"minecraft:leave_game":3,"minecraft:time_since_death":64732,"minecraft:climb_one_cm":428,"minecraft:sprint_one_cm":317718,"minecraft:walk_one_cm":220968,"minecraft:damage_blocked_by_shield":1035,"minecraft:drop":34,"minecraft:play_time":94360,"minecraft:deaths":1,"minecraft:sneak_time":9868,"minecraft:walk_under_water_one_cm":11578,"minecraft:jump":2346,"minecraft:walk_on_water_one_cm":24685,"minecraft:total_world_time":94360,"minecraft:interact_with_furnace":33,"minecraft:sleep_in_bed":6,"minecraft:time_since_rest":13852,"minecraft:damage_taken":1062,"minecraft:damage_dealt":7156,"minecraft:swim_one_cm":21047,"minecraft:fly_one_cm":403546,"minecraft:player_kills":5,"minecraft:open_chest":1,"minecraft:crouch_one_cm":31310,"tombstone:undead_killed":16,"minecraft:fall_one_cm":57816},"minecraft:crafted":{"quark:blossom_planks_slab":6,"minecraft:cobbled_deepslate_slab":12,"minecraft:oak_planks":16,"minecraft:furnace":1,"supplementaries:lapis_bricks":1,"quark:deepslate_furnace":1,"minecraft:raw_copper_block":1,"minecraft:cooked_mutton":16,"minecraft:iron_boots":1,"minecraft:iron_axe":1,"minecraft:stone_pickaxe":1,"minecraft:raw_iron_block":1,"minecraft:coal_block":7,"quark:blossom_planks":216,"minecraft:crafting_table":2,"minecraft:wooden_pickaxe":1,"minecraft:iron_helmet":1,"minecraft:iron_sword":1,"minecraft:raw_gold_block":8,"minecraft:bucket":1,"minecraft:stone_axe":1,"minecraft:air":0,"minecraft:iron_chestplate":1,"minecraft:shield":1,"minecraft:raw_gold":72,"minecraft:stick":16,"minecraft:iron_ingot":36,"minecraft:iron_pickaxe":1,"minecraft:iron_leggings":1,"minecraft:white_bed":3,"minecraft:torch":20},"minecraft:killed_by":{"minecraft:cave_spider":1}},"DataVersion":2975}