{"stats":{"minecraft:mined":{"minecraft:black_stained_glass_pane":2,"minecraft:white_bed":2,"minecraft:furnace":1,"quark:yellow_blossom_leaves":1,"minecraft:iron_ore":16,"quark:blossom_planks":7,"minecraft:crafting_table":3,"minecraft:grass":1,"biomesoplenty:bush":1,"minecraft:coal_ore":37,"minecraft:oak_log":4,"quark:blossom_log":28,"biomesoplenty:spider_egg":1,"minecraft:stone":20,"minecraft:oak_leaves":8},"minecraft:used":{"minecraft:cooked_mutton":2,"minecraft:iron_axe":1,"minecraft:stone_pickaxe":44,"minecraft:iron_pickaxe":20,"minecraft:oak_sign":1,"minecraft:wooden_pickaxe":10,"minecraft:stone_axe":31,"minecraft:mutton":1,"minecraft:crafting_table":3,"minecraft:furnace":1,"minecraft:oak_sapling":1,"quark:blossom_planks":8,"alexsmobs:animal_dictionary":1,"minecraft:white_bed":2},"minecraft:custom":{"minecraft:time_since_rest":7631,"minecraft:interact_with_furnace":14,"minecraft:sprint_one_cm":34567,"minecraft:damage_taken":20,"minecraft:walk_one_cm":31965,"minecraft:mob_kills":4,"minecraft:damage_dealt":329,"minecraft:swim_one_cm":2558,"minecraft:interact_with_crafting_table":12,"minecraft:fly_one_cm":48225,"minecraft:open_barrel":1,"minecraft:crouch_one_cm":2552,"minecraft:play_time":12383,"minecraft:sneak_time":836,"minecraft:walk_under_water_one_cm":50,"minecraft:jump":278,"minecraft:leave_game":1,"minecraft:walk_on_water_one_cm":112,"minecraft:time_since_death":12383,"minecraft:sleep_in_bed":1,"minecraft:total_world_time":12383,"minecraft:fall_one_cm":6435},"minecraft:picked_up":{"minecraft:crafting_table":3,"minecraft:raw_iron":16,"quark:blossom_log":26,"minecraft:oak_log":4,"minecraft:white_bed":2,"quark:blossom_planks":7,"minecraft:oak_sign":1,"minecraft:oak_sapling":1,"minecraft:mutton":5,"minecraft:coal":44,"minecraft:white_wool":3,"minecraft:cobblestone":18,"minecraft:furnace":1},"minecraft:crafted":{"minecraft:oak_planks":16,"quark:blossom_planks":20,"minecraft:shield":1,"minecraft:iron_axe":1,"minecraft:crafting_table":1,"minecraft:stick":12,"minecraft:iron_ingot":16,"minecraft:wooden_pickaxe":1,"minecraft:iron_pickaxe":1,"minecraft:stone_pickaxe":1,"minecraft:iron_sword":1,"minecraft:furnace":1,"minecraft:white_bed":1,"minecraft:bucket":1,"minecraft:stone_axe":1,"minecraft:cooked_mutton":4,"minecraft:air":0},"minecraft:killed":{"minecraft:sheep":3}},"DataVersion":2975}