{"stats":{"minecraft:killed_by":{"minecraft:cave_spider":1},"minecraft:dropped":{"supplementaries:flax_seeds":4,"create:veridium":13,"tombstone:grave_dust":1,"minecraft:wooden_pickaxe":1},"minecraft:custom":{"minecraft:interact_with_furnace":24,"minecraft:mob_kills":18,"minecraft:interact_with_crafting_table":17,"minecraft:open_barrel":1,"minecraft:damage_dealt_resisted":332,"minecraft:leave_game":1,"minecraft:time_since_death":6755,"minecraft:sleep_in_bed":2,"minecraft:time_since_rest":6788,"minecraft:sprint_one_cm":96807,"minecraft:damage_taken":557,"minecraft:walk_one_cm":88721,"minecraft:damage_blocked_by_shield":455,"minecraft:drop":7,"minecraft:damage_dealt":3322,"minecraft:swim_one_cm":4706,"minecraft:fly_one_cm":157025,"minecraft:crouch_one_cm":15269,"minecraft:play_time":36383,"tombstone:undead_killed":13,"minecraft:deaths":1,"minecraft:sneak_time":4700,"minecraft:walk_under_water_one_cm":5397,"minecraft:jump":907,"minecraft:walk_on_water_one_cm":15092,"minecraft:total_world_time":36383,"minecraft:fall_one_cm":19899},"minecraft:used":{"minecraft:cooked_mutton":4,"minecraft:water_bucket":10,"minecraft:stone_pickaxe":44,"minecraft:oak_sign":1,"minecraft:wooden_pickaxe":10,"minecraft:shield":4,"minecraft:iron_sword":69,"minecraft:rotten_flesh":9,"minecraft:torch":10,"minecraft:mutton":1,"minecraft:crafting_table":5,"minecraft:white_bed":3,"minecraft:lava_bucket":1,"minecraft:iron_axe":29,"minecraft:iron_pickaxe":124,"minecraft:stone_axe":31,"minecraft:oak_sapling":1,"minecraft:furnace":2,"minecraft:bucket":12,"tombstone:gift":4,"quark:blossom_planks":77,"alexsmobs:animal_dictionary":2},"minecraft:mined":{"create:zinc_ore":8,"create:deepslate_zinc_ore":11,"minecraft:white_bed":3,"quark:yellow_blossom_leaves":1,"minecraft:deepslate_diamond_ore":1,"minecraft:crafting_table":5,"minecraft:torch":1,"biomesoplenty:bush":2,"minecraft:emerald_ore":1,"quark:blossom_log":52,"minecraft:diorite":3,"supplementaries:urn":3,"minecraft:black_stained_glass_pane":2,"minecraft:furnace":2,"quark:pink_blossom_leaves":5,"minecraft:iron_ore":46,"quark:blossom_planks":11,"minecraft:grass":2,"minecraft:oak_log":4,"minecraft:coal_ore":58,"minecraft:gravel":3,"minecraft:stone":29,"biomesoplenty:spider_egg":1,"create:veridium":14,"minecraft:oak_leaves":8,"minecraft:deepslate":2},"minecraft:picked_up":{"minecraft:crafting_table":5,"create:raw_zinc":18,"minecraft:oak_log":4,"supplementaries:flax_seeds":4,"minecraft:gunpowder":1,"minecraft:bone":6,"minecraft:oak_sign":1,"minecraft:cobbled_deepslate":2,"minecraft:furnace":2,"minecraft:raw_iron":75,"minecraft:torch":1,"minecraft:gravel":3,"quark:blossom_log":50,"sophisticatedbackpacks:iron_backpack":1,"tombstone:grave_dust":2,"minecraft:diorite":3,"minecraft:white_bed":3,"quark:blossom_planks":11,"minecraft:arrow":2,"minecraft:rotten_flesh":12,"minecraft:diamond":1,"create:veridium":13,"minecraft:emerald":1,"supplementaries:ash":13,"minecraft:oak_sapling":1,"minecraft:mutton":5,"minecraft:coal":98,"minecraft:bone_block":17,"minecraft:white_wool":3,"minecraft:cobblestone":29},"minecraft:killed":{"minecraft:creeper":1,"minecraft:sheep":3,"minecraft:skeleton":2,"minecraft:zombie":11},"minecraft:crafted":{"minecraft:oak_planks":16,"quark:blossom_planks":200,"minecraft:crafting_table":1,"minecraft:wooden_pickaxe":1,"minecraft:iron_helmet":1,"minecraft:iron_sword":1,"minecraft:furnace":1,"minecraft:bucket":1,"minecraft:stone_axe":1,"minecraft:cooked_mutton":4,"minecraft:air":0,"minecraft:iron_boots":1,"minecraft:iron_chestplate":1,"minecraft:shield":1,"minecraft:iron_axe":1,"minecraft:stick":16,"minecraft:iron_ingot":36,"minecraft:stone_pickaxe":1,"minecraft:iron_pickaxe":1,"minecraft:iron_leggings":1,"minecraft:white_bed":1,"minecraft:torch":20}},"DataVersion":2975}