{"stats":{"minecraft:dropped":{"minecraft:poppy":1,"minecraft:wheat_seeds":1,"dtbyg:rainbow_eucalyptus_seed":3,"farmersdelight:cabbage_seeds":1,"minecraft:dandelion":1},"minecraft:custom":{"minecraft:time_since_rest":417,"minecraft:sprint_one_cm":13325,"minecraft:damage_taken":4574,"minecraft:walk_one_cm":27045,"minecraft:drop":7,"minecraft:damage_dealt":158,"minecraft:fly_one_cm":18509,"minecraft:swim_one_cm":1108,"minecraft:interact_with_crafting_table":1,"minecraft:crouch_one_cm":272,"minecraft:play_one_minute":6213,"minecraft:deaths":2,"minecraft:sneak_time":49,"minecraft:walk_under_water_one_cm":507,"minecraft:jump":173,"minecraft:walk_on_water_one_cm":2137,"minecraft:time_since_death":1032,"minecraft:fall_one_cm":2151},"minecraft:killed_by":{"minecraft:player":2},"minecraft:mined":{"minecraft:crafting_table":2,"minecraft:grass":3,"minecraft:grass_block":3,"minecraft:poppy":1,"minecraft:melon":1},"minecraft:crafted":{"minecraft:crafting_table":1,"minecraft:stick":4,"minecraft:wooden_axe":1,"byg:mahogany_planks":24},"minecraft:used":{"minecraft:wooden_axe":5,"minecraft:dirt":3,"minecraft:crafting_table":1,"tombstone:gift":2,"alexsmobs:animal_dictionary":1},"minecraft:picked_up":{"byg:mahogany_log":6,"minecraft:stick":17,"minecraft:crafting_table":1,"dtbyg:rainbow_eucalyptus_seed":3,"minecraft:dandelion":1,"minecraft:dirt":3,"byg:rainbow_eucalyptus_log":21,"minecraft:wheat_seeds":1,"byg:mahogany_planks":18,"minecraft:poppy":1,"minecraft:melon_slice":4,"farmersdelight:cabbage_seeds":1}},"DataVersion":2586}