{"stats":{"minecraft:broken":{"minecraft:stone_axe":1},"minecraft:picked_up":{"minecraft:iron_chestplate":1,"byg:mahogany_log":6,"minecraft:crafting_table":7,"byg:soapstone":4,"minecraft:wheat":3,"minecraft:chainmail_boots":3,"dtbyg:rainbow_eucalyptus_seed":4,"byg:rainbow_eucalyptus_planks":261,"byg:rainbow_eucalyptus_boat":1,"minecraft:brewing_stand":1,"croptopia:saguaro_seed":1,"minecraft:red_bed":1,"byg:rainbow_eucalyptus_slab":1,"minecraft:acacia_door":1,"byg:baobab_log":320,"minecraft:bucket":1,"minecraft:beef":16,"byg:mahogany_planks":18,"dynamictrees:oak_seed":10,"minecraft:poppy":1,"minecraft:melon_slice":94,"minecraft:sugar_cane":22,"farmersdelight:cabbage_seeds":1,"minecraft:iron_boots":6,"minecraft:furnace":2,"minecraft:stick":159,"minecraft:acacia_fence":1,"minecraft:composter":6,"minecraft:torch":4,"minecraft:green_bed":5,"minecraft:porkchop":12,"tombstone:grave_dust":3,"minecraft:carrot":128,"byg:cattail":3,"byg:mahogany_boat":2,"minecraft:stone_pressure_plate":1,"minecraft:tnt":8,"minecraft:orange_bed":8,"minecraft:arrow":11,"minecraft:rotten_flesh":6,"minecraft:beetroot_seeds":5,"minecraft:hay_block":53,"byg:rocky_stone":1,"minecraft:cobblestone":84,"minecraft:lime_bed":10,"minecraft:feather":2,"croptopia:broccoli_seed":2,"minecraft:andesite":9,"minecraft:cut_sandstone":1,"minecraft:leather":9,"minecraft:music_disc_stal":1,"minecraft:flint":20,"minecraft:oak_log":289,"minecraft:gunpowder":6,"minecraft:dirt":22,"minecraft:orange_terracotta":1,"minecraft:bone":11,"byg:scoria_cobblestone":38,"byg:rainbow_eucalyptus_log":95,"minecraft:bow":1,"minecraft:wheat_seeds":12,"minecraft:bell":1,"minecraft:iron_ingot":2,"minecraft:iron_ore":103,"tombstone:bag_of_seeds":1,"minecraft:fletching_table":7,"minecraft:stone_hoe":1,"minecraft:oak_planks":48,"dtbyg:baobab_seed":5,"minecraft:dandelion":1,"minecraft:gravel":84,"minecraft:sand":30,"croptopia:rutabaga_seed":3,"sophisticatedbackpacks:iron_backpack":1,"minecraft:cyan_bed":1,"minecraft:gold_ore":103,"minecraft:diamond":13,"minecraft:stone_axe":5,"minecraft:granite":14,"minecraft:bread":56,"minecraft:emerald":29,"minecraft:melon_seeds":2,"minecraft:coal":135,"minecraft:wooden_axe":1},"minecraft:mined":{"minecraft:stone_pressure_plate":1,"byg:scoria_cobblestone":10,"minecraft:farmland":16,"minecraft:brewing_stand":1,"byg:cattail":2,"minecraft:grass_block":5,"byg:rainbow_eucalyptus_slab":1,"minecraft:composter":7,"minecraft:hay_block":48,"minecraft:furnace":1,"minecraft:carrots":33,"minecraft:iron_ore":53,"minecraft:andesite":9,"minecraft:fletching_table":6,"minecraft:stone":70,"minecraft:orange_bed":10,"minecraft:green_bed":5,"minecraft:cut_sandstone":1,"minecraft:red_bed":1,"minecraft:orange_terracotta":1,"minecraft:crafting_table":7,"minecraft:poppy":1,"minecraft:melon":18,"minecraft:dead_bush":2,"minecraft:cobblestone":1,"minecraft:cyan_bed":1,"minecraft:oak_planks":17,"minecraft:sugar_cane":10,"minecraft:wall_torch":2,"minecraft:lime_bed":5,"byg:soapstone":3,"byg:scoria_stone":28,"minecraft:wheat":1,"byg:short_grass":1,"minecraft:tnt":9,"minecraft:grass":7,"minecraft:coal_ore":36,"minecraft:sand":28,"minecraft:acacia_fence":1,"minecraft:acacia_door":1,"minecraft:gravel":91,"minecraft:dirt":2,"minecraft:gold_ore":13,"byg:rainbow_eucalyptus_planks":9,"minecraft:diamond_ore":13,"create:zinc_ore":1},"minecraft:custom":{"minecraft:mob_kills":27,"minecraft:animals_bred":1,"minecraft:interact_with_crafting_table":40,"minecraft:leave_game":8,"minecraft:time_since_death":114999,"minecraft:climb_one_cm":23,"minecraft:sprint_one_cm":459379,"minecraft:walk_one_cm":452862,"minecraft:drop":127,"minecraft:talked_to_villager":218,"minecraft:deaths":4,"minecraft:sneak_time":6744,"minecraft:walk_under_water_one_cm":6975,"minecraft:boat_one_cm":152912,"minecraft:jump":3242,"minecraft:interact_with_blast_furnace":1,"minecraft:walk_on_water_one_cm":17620,"minecraft:interact_with_furnace":22,"minecraft:traded_with_villager":358,"minecraft:play_one_minute":160699,"minecraft:sleep_in_bed":17,"minecraft:time_since_rest":33594,"minecraft:damage_taken":6255,"minecraft:damage_dealt":3987,"minecraft:player_kills":2,"minecraft:swim_one_cm":25359,"minecraft:fly_one_cm":704617,"minecraft:open_chest":193,"minecraft:crouch_one_cm":16790,"tombstone:undead_killed":12,"minecraft:fall_one_cm":69569},"minecraft:killed":{"minecraft:skeleton":10,"minecraft:pig":5,"minecraft:creeper":1,"minecraft:sheep":1,"minecraft:zombie":2,"minecraft:cow":7},"minecraft:dropped":{"farmersdelight:tomato_seeds":2,"minecraft:stone_hoe":3,"minecraft:gold_ore":35,"minecraft:bread":163,"minecraft:porkchop":9,"minecraft:wheat_seeds":12,"minecraft:cobblestone":14,"minecraft:cookie":16,"minecraft:feather":2,"minecraft:leather":1,"minecraft:granite":14,"minecraft:fletching_table":2,"minecraft:flint":1,"minecraft:emerald":59,"minecraft:stick":5,"byg:baobab_planks":1,"byg:cattail":3,"minecraft:dirt":2,"dtbyg:rainbow_eucalyptus_seed":3,"minecraft:torch":1,"croptopia:zucchini_seed":3,"minecraft:wooden_axe":1,"minecraft:cut_sandstone":1,"minecraft:pumpkin_pie":40,"minecraft:sand":24,"croptopia:rutabaga_seed":6,"byg:baobab_log":319,"minecraft:bone":9,"minecraft:dandelion":1,"minecraft:stone_axe":4,"dynamictrees:oak_seed":7,"minecraft:wheat":2,"minecraft:composter":3,"farmersdelight:cabbage_seeds":1,"minecraft:rotten_flesh":4,"minecraft:oak_planks":32,"minecraft:iron_boots":6,"sophisticatedbackpacks:backpack":1,"croptopia:saguaro_seed":1,"minecraft:carrot":95,"minecraft:poppy":1,"minecraft:shield":14,"minecraft:gunpowder":6,"croptopia:rice_seed":2,"minecraft:iron_chestplate":1,"croptopia:broccoli_seed":4,"minecraft:beetroot_seeds":5,"minecraft:melon_seeds":2,"minecraft:chainmail_boots":14,"minecraft:chest":1,"minecraft:bow":1,"minecraft:arrow":8,"dtbyg:baobab_seed":3},"minecraft:crafted":{"minecraft:golden_carrot":45,"minecraft:cookie":144,"minecraft:oak_planks":1156,"minecraft:stone_shovel":4,"minecraft:furnace":1,"byg:baobab_planks":1988,"minecraft:bone_meal":90,"minecraft:suspicious_stew":7,"spartanshields:shield_basic_diamond":1,"minecraft:diamond_helmet":1,"minecraft:bow":1,"minecraft:diamond_leggings":1,"minecraft:iron_axe":1,"minecraft:stone_pickaxe":1,"minecraft:diamond_boots":1,"minecraft:chest":7,"byg:mahogany_planks":24,"minecraft:stone_hoe":1,"minecraft:wheat":477,"spartanshields:shield_basic_wood":1,"minecraft:emerald":276,"byg:rainbow_eucalyptus_planks":380,"minecraft:arrow":64,"sophisticatedbackpacks:backpack":1,"minecraft:cooked_porkchop":5,"minecraft:crafting_table":3,"minecraft:wooden_pickaxe":1,"minecraft:iron_sword":1,"sophisticatedbackpacks:gold_backpack":1,"minecraft:fletching_table":6,"byg:rainbow_eucalyptus_slab":6,"minecraft:stone_axe":1,"minecraft:bread":159,"minecraft:air":0,"minecraft:shield":15,"sophisticatedbackpacks:diamond_backpack":1,"minecraft:flint":30,"minecraft:stick":8620,"minecraft:chainmail_boots":12,"minecraft:iron_pickaxe":1,"minecraft:wooden_axe":2,"minecraft:stone_sword":1,"minecraft:acacia_door":3,"minecraft:gold_ingot":16,"byg:rainbow_eucalyptus_boat":1,"minecraft:pumpkin_pie":40,"minecraft:acacia_planks":36,"minecraft:torch":52,"byg:mahogany_boat":1,"minecraft:diamond_chestplate":1},"minecraft:killed_by":{"minecraft:player":3,"alexsmobs:tarantula_hawk":1},"minecraft:used":{"minecraft:stone_sword":17,"minecraft:stone_shovel":64,"minecraft:chest":5,"minecraft:iron_sword":47,"minecraft:bell":1,"minecraft:rotten_flesh":2,"minecraft:stone_hoe":49,"minecraft:orange_bed":6,"minecraft:torch":36,"minecraft:dirt":20,"minecraft:carrot":33,"minecraft:wooden_axe":9,"minecraft:iron_axe":7,"carryon:entity_item":5,"byg:rainbow_eucalyptus_planks":281,"minecraft:golden_carrot":10,"minecraft:bow":1,"minecraft:furnace":2,"minecraft:acacia_fence":1,"tombstone:gift":4,"minecraft:stone_pressure_plate":1,"minecraft:orange_terracotta":1,"minecraft:wheat_seeds":3,"minecraft:water_bucket":10,"minecraft:stone_pickaxe":12,"minecraft:wooden_pickaxe":12,"byg:rainbow_eucalyptus_slab":6,"minecraft:composter":2,"minecraft:sugar_cane":17,"minecraft:green_bed":5,"minecraft:fletching_table":11,"byg:rocky_stone":1,"minecraft:sand":15,"minecraft:lime_bed":6,"minecraft:crafting_table":9,"tombstone:bag_of_seeds":2,"byg:mahogany_planks":7,"minecraft:acacia_door":4,"minecraft:melon_slice":10,"minecraft:bread":16,"minecraft:cyan_bed":1,"minecraft:iron_pickaxe":232,"minecraft:gravel":45,"byg:rainbow_eucalyptus_boat":1,"minecraft:stone_axe":69,"minecraft:cobblestone":48,"byg:mahogany_boat":2,"minecraft:porkchop":3,"minecraft:cooked_porkchop":1,"byg:scoria_cobblestone":10,"minecraft:andesite":9,"minecraft:bucket":11,"alexsmobs:animal_dictionary":2,"minecraft:bone_meal":90}},"DataVersion":2586}