{"stats":{"minecraft:killed_by":{"minecraft:player":3,"alexsmobs:tarantula_hawk":1},"minecraft:dropped":{"minecraft:stone_hoe":2,"minecraft:bread":163,"minecraft:porkchop":9,"minecraft:wheat_seeds":12,"minecraft:cookie":16,"minecraft:feather":2,"minecraft:fletching_table":2,"minecraft:stick":3,"byg:cattail":3,"byg:baobab_planks":1,"minecraft:dirt":2,"dtbyg:rainbow_eucalyptus_seed":3,"minecraft:wooden_axe":1,"minecraft:cut_sandstone":1,"minecraft:pumpkin_pie":40,"minecraft:sand":24,"byg:baobab_log":319,"minecraft:dandelion":1,"minecraft:stone_axe":1,"dynamictrees:oak_seed":7,"farmersdelight:cabbage_seeds":1,"minecraft:composter":3,"minecraft:rotten_flesh":1,"minecraft:oak_planks":32,"minecraft:carrot":95,"minecraft:poppy":1,"minecraft:shield":8,"minecraft:beetroot_seeds":5,"minecraft:melon_seeds":2,"minecraft:chainmail_boots":13,"dtbyg:baobab_seed":3},"minecraft:used":{"minecraft:stone_sword":17,"minecraft:stone_shovel":64,"minecraft:chest":5,"minecraft:bell":1,"minecraft:stone_hoe":46,"minecraft:rotten_flesh":2,"minecraft:orange_bed":4,"minecraft:dirt":20,"minecraft:carrot":33,"minecraft:wooden_axe":9,"carryon:entity_item":5,"byg:rainbow_eucalyptus_planks":281,"minecraft:furnace":1,"minecraft:acacia_fence":1,"tombstone:gift":2,"minecraft:stone_pressure_plate":1,"minecraft:orange_terracotta":1,"minecraft:stone_pickaxe":12,"minecraft:wooden_pickaxe":12,"minecraft:composter":2,"byg:rainbow_eucalyptus_slab":5,"minecraft:sugar_cane":17,"minecraft:fletching_table":11,"minecraft:green_bed":5,"minecraft:sand":15,"minecraft:crafting_table":7,"minecraft:lime_bed":6,"byg:mahogany_planks":7,"minecraft:bread":16,"minecraft:cyan_bed":1,"minecraft:melon_slice":10,"minecraft:iron_pickaxe":20,"minecraft:gravel":38,"byg:rainbow_eucalyptus_boat":1,"minecraft:stone_axe":69,"byg:mahogany_boat":2,"minecraft:porkchop":3,"alexsmobs:animal_dictionary":2,"minecraft:bone_meal":90},"minecraft:crafted":{"minecraft:cookie":144,"minecraft:oak_planks":1156,"minecraft:stone_shovel":1,"byg:baobab_planks":1284,"minecraft:bone_meal":90,"minecraft:suspicious_stew":7,"minecraft:stone_pickaxe":1,"minecraft:diamond_boots":1,"minecraft:chest":6,"byg:mahogany_planks":24,"minecraft:stone_hoe":1,"minecraft:wheat":477,"byg:rainbow_eucalyptus_planks":380,"minecraft:emerald":167,"sophisticatedbackpacks:backpack":1,"minecraft:crafting_table":2,"minecraft:wooden_pickaxe":1,"minecraft:fletching_table":6,"byg:rainbow_eucalyptus_slab":6,"minecraft:stone_axe":1,"minecraft:bread":159,"minecraft:air":0,"minecraft:shield":9,"minecraft:stick":6548,"minecraft:chainmail_boots":12,"minecraft:iron_pickaxe":1,"minecraft:wooden_axe":2,"minecraft:stone_sword":1,"byg:rainbow_eucalyptus_boat":1,"minecraft:pumpkin_pie":40,"byg:mahogany_boat":1,"minecraft:golden_carrot":36},"minecraft:mined":{"byg:rainbow_eucalyptus_planks":9,"minecraft:stone_pressure_plate":1,"minecraft:farmland":16,"minecraft:brewing_stand":1,"byg:cattail":2,"minecraft:grass_block":5,"byg:rainbow_eucalyptus_slab":1,"minecraft:composter":7,"minecraft:hay_block":48,"minecraft:carrots":33,"minecraft:fletching_table":6,"minecraft:stone":12,"minecraft:green_bed":5,"minecraft:orange_bed":8,"minecraft:cut_sandstone":1,"minecraft:red_bed":1,"minecraft:orange_terracotta":1,"minecraft:crafting_table":6,"minecraft:poppy":1,"minecraft:melon":18,"minecraft:dead_bush":2,"minecraft:cyan_bed":1,"minecraft:sugar_cane":7,"minecraft:oak_planks":17,"minecraft:lime_bed":5,"minecraft:wheat":1,"minecraft:tnt":9,"minecraft:grass":5,"minecraft:coal_ore":19,"minecraft:acacia_fence":1,"minecraft:gravel":81,"minecraft:sand":28,"minecraft:dirt":2},"minecraft:custom":{"minecraft:mob_kills":7,"minecraft:interact_with_crafting_table":32,"minecraft:leave_game":3,"minecraft:time_since_death":53745,"minecraft:climb_one_cm":23,"minecraft:sprint_one_cm":272530,"minecraft:walk_one_cm":318522,"minecraft:drop":77,"minecraft:talked_to_villager":91,"minecraft:deaths":4,"minecraft:sneak_time":3534,"minecraft:walk_under_water_one_cm":3868,"minecraft:boat_one_cm":152912,"minecraft:jump":2088,"minecraft:interact_with_blast_furnace":1,"minecraft:walk_on_water_one_cm":11940,"minecraft:interact_with_furnace":1,"minecraft:traded_with_villager":225,"minecraft:play_one_minute":99445,"minecraft:sleep_in_bed":14,"minecraft:time_since_rest":2520,"minecraft:damage_taken":5619,"minecraft:damage_dealt":1423,"minecraft:swim_one_cm":18978,"minecraft:fly_one_cm":505963,"minecraft:player_kills":2,"minecraft:open_chest":120,"minecraft:crouch_one_cm":9145,"tombstone:undead_killed":1,"minecraft:fall_one_cm":45348},"minecraft:broken":{"minecraft:stone_axe":1},"minecraft:picked_up":{"minecraft:wooden_axe":1,"byg:mahogany_log":6,"minecraft:crafting_table":5,"minecraft:chainmail_boots":1,"dtbyg:rainbow_eucalyptus_seed":4,"byg:rainbow_eucalyptus_planks":261,"byg:rainbow_eucalyptus_boat":1,"minecraft:brewing_stand":1,"byg:rainbow_eucalyptus_slab":1,"minecraft:red_bed":1,"byg:baobab_log":320,"minecraft:beef":5,"byg:mahogany_planks":18,"minecraft:poppy":1,"dynamictrees:oak_seed":10,"minecraft:melon_slice":94,"minecraft:sugar_cane":17,"farmersdelight:cabbage_seeds":1,"minecraft:furnace":1,"minecraft:stick":156,"minecraft:acacia_fence":1,"minecraft:composter":6,"minecraft:green_bed":5,"minecraft:porkchop":12,"minecraft:carrot":128,"byg:cattail":3,"minecraft:stone_pressure_plate":1,"byg:mahogany_boat":2,"minecraft:tnt":8,"minecraft:orange_bed":6,"minecraft:rotten_flesh":4,"minecraft:beetroot_seeds":5,"minecraft:hay_block":53,"minecraft:cobblestone":13,"minecraft:lime_bed":10,"minecraft:feather":2,"minecraft:cut_sandstone":1,"minecraft:leather":5,"minecraft:flint":19,"minecraft:oak_log":289,"minecraft:dirt":22,"minecraft:orange_terracotta":1,"byg:rainbow_eucalyptus_log":95,"minecraft:wheat_seeds":12,"minecraft:bell":1,"minecraft:fletching_table":7,"dtbyg:baobab_seed":5,"minecraft:stone_hoe":1,"minecraft:oak_planks":48,"minecraft:dandelion":1,"minecraft:gravel":74,"minecraft:sand":30,"minecraft:cyan_bed":1,"minecraft:stone_axe":1,"minecraft:bread":56,"minecraft:melon_seeds":2,"minecraft:coal":19},"minecraft:killed":{"minecraft:pig":5,"minecraft:zombie":1,"minecraft:cow":2}},"DataVersion":2586}