{"stats":{"minecraft:killed":{"alexsmobs:raccoon":1,"minecraft:creeper":2,"minecraft:sheep":13,"minecraft:skeleton":3,"minecraft:zombie":13,"minecraft:llama":1,"artifacts:mimic":1},"minecraft:used":{"minecraft:cooked_mutton":10,"minecraft:water_bucket":18,"minecraft:stone_pickaxe":44,"minecraft:oak_sign":1,"minecraft:wooden_pickaxe":10,"minecraft:shield":16,"minecraft:iron_sword":121,"minecraft:rotten_flesh":13,"minecraft:white_wool":1,"minecraft:torch":30,"minecraft:glow_berries":6,"minecraft:mutton":1,"minecraft:crafting_table":8,"minecraft:white_bed":6,"quark:blossom_planks_slab":6,"minecraft:lava_bucket":1,"quark:deepslate_furnace":1,"minecraft:iron_axe":39,"minecraft:iron_pickaxe":142,"minecraft:stone_axe":31,"minecraft:cobbled_deepslate_slab":5,"minecraft:egg":1,"minecraft:oak_sapling":1,"minecraft:furnace":2,"tombstone:gift":4,"quark:blossom_planks":196,"alexsmobs:animal_dictionary":2,"minecraft:bucket":20},"minecraft:mined":{"create:zinc_ore":8,"create:deepslate_zinc_ore":11,"minecraft:white_bed":6,"quark:yellow_blossom_leaves":1,"minecraft:deepslate_diamond_ore":1,"minecraft:crafting_table":7,"minecraft:torch":1,"biomesoplenty:bush":3,"minecraft:emerald_ore":1,"quark:blossom_log":52,"minecraft:diorite":3,"minecraft:wall_torch":1,"supplementaries:urn":3,"minecraft:black_stained_glass_pane":2,"minecraft:furnace":2,"quark:pink_blossom_leaves":5,"minecraft:iron_ore":46,"quark:blossom_planks":18,"quark:deepslate_furnace":2,"minecraft:grass":2,"minecraft:oak_log":4,"minecraft:coal_ore":58,"minecraft:gravel":3,"quark:blossom_planks_slab":1,"minecraft:stone":30,"biomesoplenty:spider_egg":1,"create:veridium":14,"minecraft:oak_leaves":8,"minecraft:deepslate":17},"minecraft:dropped":{"minecraft:gravel":1,"quark:blossom_planks_slab":1,"minecraft:lapis_lazuli":2,"minecraft:raw_copper":1,"minecraft:chicken":2,"minecraft:cooked_mutton":2,"minecraft:rail":1,"minecraft:coal":1,"supplementaries:lapis_bricks":1,"supplementaries:flax_seeds":4,"supplementaries:quiver":1,"minecraft:gray_wool":1,"create:veridium":13,"tombstone:grave_dust":1,"minecraft:birch_boat":1,"minecraft:wooden_pickaxe":1,"minecraft:bucket":1,"alexsmobs:raccoon_tail":1,"minecraft:white_wool":2},"minecraft:picked_up":{"minecraft:crafting_table":7,"minecraft:chicken":2,"create:raw_zinc":18,"minecraft:oak_log":4,"supplementaries:flax_seeds":4,"minecraft:gunpowder":1,"artifacts:shock_pendant":1,"minecraft:bone":7,"minecraft:oak_sign":1,"minecraft:cobbled_deepslate":17,"minecraft:iron_ingot":1,"minecraft:light_gray_wool":1,"alexsmobs:raccoon_tail":1,"minecraft:egg":1,"minecraft:furnace":2,"minecraft:raw_iron":75,"minecraft:birch_boat":1,"minecraft:torch":3,"minecraft:gravel":4,"quark:blossom_log":50,"quark:deepslate_furnace":2,"quark:blossom_planks_slab":1,"sophisticatedbackpacks:iron_backpack":1,"tombstone:grave_dust":3,"minecraft:diorite":3,"minecraft:white_bed":6,"quark:blossom_planks":17,"minecraft:arrow":3,"minecraft:rotten_flesh":13,"minecraft:diamond":1,"supplementaries:quiver":1,"create:veridium":13,"minecraft:gray_wool":1,"minecraft:emerald":1,"supplementaries:ash":13,"minecraft:oak_sapling":1,"minecraft:mutton":20,"minecraft:coal":99,"minecraft:bone_block":17,"minecraft:white_wool":11,"minecraft:cobblestone":31},"minecraft:custom":{"minecraft:interact_with_furnace":33,"minecraft:mob_kills":35,"minecraft:interact_with_crafting_table":23,"minecraft:open_barrel":4,"minecraft:damage_dealt_resisted":332,"minecraft:leave_game":3,"minecraft:time_since_death":40732,"minecraft:sleep_in_bed":5,"minecraft:time_since_rest":5385,"minecraft:sprint_one_cm":220552,"minecraft:damage_taken":844,"minecraft:walk_one_cm":162614,"minecraft:damage_blocked_by_shield":1035,"minecraft:drop":25,"minecraft:damage_dealt":6130,"minecraft:player_kills":1,"minecraft:swim_one_cm":21047,"minecraft:fly_one_cm":319202,"minecraft:crouch_one_cm":23714,"minecraft:play_time":70360,"tombstone:undead_killed":16,"minecraft:deaths":1,"minecraft:sneak_time":7607,"minecraft:walk_under_water_one_cm":11042,"minecraft:jump":1816,"minecraft:walk_on_water_one_cm":23811,"minecraft:total_world_time":70360,"minecraft:fall_one_cm":42494},"minecraft:crafted":{"minecraft:coal_block":7,"quark:blossom_planks_slab":6,"minecraft:cobbled_deepslate_slab":12,"minecraft:oak_planks":16,"quark:blossom_planks":200,"minecraft:crafting_table":2,"minecraft:wooden_pickaxe":1,"minecraft:iron_helmet":1,"minecraft:iron_sword":1,"minecraft:raw_gold_block":8,"minecraft:furnace":1,"supplementaries:lapis_bricks":1,"minecraft:bucket":1,"minecraft:stone_axe":1,"quark:deepslate_furnace":1,"minecraft:raw_copper_block":1,"minecraft:cooked_mutton":16,"minecraft:air":0,"minecraft:iron_boots":1,"minecraft:iron_chestplate":1,"minecraft:shield":1,"minecraft:raw_gold":72,"minecraft:iron_axe":1,"minecraft:stick":16,"minecraft:iron_ingot":36,"minecraft:stone_pickaxe":1,"minecraft:iron_pickaxe":1,"minecraft:iron_leggings":1,"minecraft:white_bed":1,"minecraft:torch":20,"minecraft:raw_iron_block":1},"minecraft:killed_by":{"minecraft:cave_spider":1}},"DataVersion":2975}