{"stats":{"minecraft:dropped":{"supplementaries:flax_seeds":4,"minecraft:wooden_pickaxe":1},"minecraft:custom":{"minecraft:interact_with_furnace":24,"minecraft:mob_kills":8,"minecraft:interact_with_crafting_table":17,"minecraft:open_barrel":1,"minecraft:leave_game":1,"minecraft:time_since_death":24383,"minecraft:sleep_in_bed":1,"minecraft:time_since_rest":19631,"minecraft:sprint_one_cm":69561,"minecraft:damage_taken":191,"minecraft:walk_one_cm":60405,"minecraft:damage_blocked_by_shield":335,"minecraft:drop":5,"minecraft:damage_dealt":1079,"minecraft:swim_one_cm":4322,"minecraft:fly_one_cm":95253,"minecraft:crouch_one_cm":7943,"minecraft:play_time":24383,"tombstone:undead_killed":3,"minecraft:sneak_time":2626,"minecraft:walk_under_water_one_cm":3527,"minecraft:jump":585,"minecraft:walk_on_water_one_cm":4612,"minecraft:total_world_time":24383,"minecraft:fall_one_cm":13297},"minecraft:used":{"minecraft:cooked_mutton":4,"minecraft:water_bucket":7,"minecraft:stone_pickaxe":44,"minecraft:oak_sign":1,"minecraft:wooden_pickaxe":10,"minecraft:shield":2,"minecraft:iron_sword":12,"minecraft:torch":2,"minecraft:mutton":1,"minecraft:crafting_table":5,"minecraft:white_bed":2,"minecraft:lava_bucket":1,"minecraft:iron_axe":28,"minecraft:iron_pickaxe":95,"minecraft:stone_axe":31,"minecraft:oak_sapling":1,"minecraft:furnace":2,"minecraft:bucket":9,"quark:blossom_planks":32,"alexsmobs:animal_dictionary":2},"minecraft:mined":{"create:zinc_ore":8,"minecraft:white_bed":2,"quark:yellow_blossom_leaves":1,"minecraft:crafting_table":5,"biomesoplenty:bush":1,"quark:blossom_log":52,"minecraft:diorite":3,"supplementaries:urn":3,"minecraft:black_stained_glass_pane":2,"minecraft:furnace":2,"quark:pink_blossom_leaves":5,"minecraft:iron_ore":46,"quark:blossom_planks":7,"minecraft:grass":1,"minecraft:oak_log":4,"minecraft:coal_ore":58,"minecraft:gravel":3,"minecraft:stone":29,"biomesoplenty:spider_egg":1,"minecraft:oak_leaves":8},"minecraft:picked_up":{"minecraft:crafting_table":5,"create:raw_zinc":8,"minecraft:oak_log":4,"supplementaries:flax_seeds":4,"minecraft:gunpowder":1,"minecraft:bone":4,"minecraft:oak_sign":1,"minecraft:furnace":2,"minecraft:raw_iron":60,"minecraft:gravel":3,"quark:blossom_log":50,"minecraft:diorite":3,"minecraft:white_bed":2,"quark:blossom_planks":7,"minecraft:arrow":2,"minecraft:rotten_flesh":3,"supplementaries:ash":13,"minecraft:oak_sapling":1,"minecraft:mutton":5,"minecraft:coal":79,"minecraft:white_wool":3,"minecraft:cobblestone":29},"minecraft:killed":{"minecraft:creeper":1,"minecraft:sheep":3,"minecraft:skeleton":1,"minecraft:zombie":2},"minecraft:crafted":{"minecraft:oak_planks":16,"quark:blossom_planks":200,"minecraft:crafting_table":1,"minecraft:wooden_pickaxe":1,"minecraft:iron_helmet":1,"minecraft:iron_sword":1,"minecraft:furnace":1,"minecraft:bucket":1,"minecraft:stone_axe":1,"minecraft:cooked_mutton":4,"minecraft:air":0,"minecraft:iron_boots":1,"minecraft:iron_chestplate":1,"minecraft:shield":1,"minecraft:iron_axe":1,"minecraft:stick":16,"minecraft:iron_ingot":36,"minecraft:stone_pickaxe":1,"minecraft:iron_pickaxe":1,"minecraft:iron_leggings":1,"minecraft:white_bed":1,"minecraft:torch":20}},"DataVersion":2975}