{"stats":{"minecraft:killed":{"alexsmobs:hummingbird":1,"alexsmobs:raccoon":2,"minecraft:skeleton":4,"minecraft:llama":1,"artifacts:mimic":1,"minecraft:creeper":2,"minecraft:sheep":14,"minecraft:zombie":13,"minecraft:cow":1},"minecraft:used":{"quark:pink_blossom_leaves":4,"minecraft:oak_sign":1,"minecraft:shield":17,"minecraft:iron_sword":144,"minecraft:rotten_flesh":15,"minecraft:torch":35,"minecraft:mutton":1,"quark:blossom_planks_slab":6,"minecraft:lava_bucket":1,"quark:deepslate_furnace":1,"minecraft:iron_axe":250,"carryon:entity_item":9,"minecraft:light_gray_wool":1,"quark:blossom_chest":2,"minecraft:furnace":2,"minecraft:oak_sapling":1,"quark:blossom_planks":218,"tombstone:gift":4,"minecraft:egg":1,"minecraft:dark_oak_sapling":2,"minecraft:cooked_mutton":14,"minecraft:water_bucket":22,"minecraft:stone_pickaxe":44,"minecraft:wooden_pickaxe":10,"minecraft:white_wool":1,"minecraft:glow_berries":6,"minecraft:dark_oak_trapdoor":1,"minecraft:crafting_table":8,"minecraft:white_bed":10,"minecraft:shears":238,"minecraft:dark_oak_log":1,"minecraft:iron_pickaxe":145,"minecraft:stone_axe":31,"minecraft:cobblestone":5,"minecraft:cobbled_deepslate_slab":5,"minecraft:bucket":24,"alexsmobs:animal_dictionary":2,"minecraft:dandelion":11},"minecraft:mined":{"create:zinc_ore":8,"create:deepslate_zinc_ore":11,"minecraft:white_bed":7,"quark:yellow_blossom_leaves":1,"minecraft:dark_oak_leaves":1,"minecraft:deepslate_diamond_ore":1,"minecraft:dark_oak_log":134,"biomesoplenty:bush":3,"minecraft:black_stained_glass_pane":2,"minecraft:furnace":2,"quark:pink_blossom_leaves":259,"minecraft:iron_ore":46,"quark:blossom_planks":18,"biomesoplenty:spider_egg":1,"minecraft:stone":33,"quark:blossom_planks_slab":1,"create:veridium":14,"minecraft:dandelion":1,"minecraft:crafting_table":7,"minecraft:torch":1,"minecraft:emerald_ore":1,"quark:blossom_log":121,"minecraft:diorite":3,"minecraft:wall_torch":1,"supplementaries:urn":3,"quark:deepslate_furnace":2,"minecraft:grass":5,"minecraft:coal_ore":58,"minecraft:oak_log":4,"minecraft:gravel":19,"minecraft:oak_leaves":8,"minecraft:deepslate":17},"minecraft:dropped":{"minecraft:lapis_lazuli":2,"quark:deepslate_furnace":2,"quark:blossom_planks":1,"minecraft:dark_oak_sapling":3,"minecraft:dark_oak_slab":2,"minecraft:rail":1,"minecraft:coal":1,"supplementaries:lapis_bricks":1,"minecraft:flint":2,"minecraft:gray_wool":1,"quark:blossom_log":49,"minecraft:dark_oak_trapdoor":1,"tombstone:grave_dust":1,"minecraft:string":1,"minecraft:white_wool":2,"alexsmobs:raccoon_tail":1,"minecraft:bucket":1,"minecraft:gravel":13,"quark:blossom_planks_slab":1,"minecraft:cobbled_deepslate":1,"minecraft:raw_copper":1,"minecraft:chicken":2,"minecraft:light_gray_wool":1,"minecraft:cooked_mutton":2,"supplementaries:flax_seeds":4,"supplementaries:quiver":1,"create:veridium":13,"farmersdelight:minced_beef":1,"minecraft:birch_boat":1,"minecraft:bow":1,"minecraft:wooden_pickaxe":1,"farmersdelight:diamond_knife":1},"minecraft:broken":{"minecraft:shears":1,"minecraft:iron_axe":1},"minecraft:picked_up":{"minecraft:crafting_table":7,"minecraft:chicken":2,"tombstone:grave_key":1,"farmersdelight:diamond_knife":1,"minecraft:string":1,"minecraft:dark_oak_trapdoor":2,"minecraft:oak_sign":1,"quark:pink_blossom_leaves":185,"minecraft:cobbled_deepslate":17,"minecraft:beef":1,"alexsmobs:raccoon_tail":1,"minecraft:light_gray_wool":2,"minecraft:furnace":2,"minecraft:egg":1,"minecraft:dark_oak_sapling":5,"minecraft:raw_iron":75,"farmersdelight:minced_beef":3,"minecraft:torch":3,"quark:blossom_log":117,"quark:deepslate_furnace":2,"quark:blossom_planks_slab":1,"tombstone:grave_dust":3,"minecraft:diorite":3,"quark:blossom_planks":17,"minecraft:arrow":4,"minecraft:rotten_flesh":15,"supplementaries:ash":13,"create:veridium":13,"supplementaries:quiver":1,"minecraft:mutton":22,"minecraft:white_wool":12,"minecraft:bone_block":17,"minecraft:cobblestone":34,"minecraft:leather":1,"minecraft:flint":2,"create:raw_zinc":18,"minecraft:oak_log":4,"supplementaries:flax_seeds":4,"minecraft:gunpowder":1,"artifacts:shock_pendant":1,"minecraft:bone":7,"minecraft:iron_ingot":2,"minecraft:dark_oak_slab":2,"minecraft:birch_boat":1,"minecraft:dandelion":11,"minecraft:gravel":16,"sophisticatedbackpacks:iron_backpack":1,"minecraft:white_bed":7,"minecraft:dark_oak_log":293,"minecraft:diamond":1,"minecraft:gray_wool":1,"minecraft:emerald":1,"minecraft:oak_sapling":1,"minecraft:coal":99},"minecraft:custom":{"minecraft:mob_kills":42,"minecraft:interact_with_crafting_table":27,"minecraft:open_barrel":4,"minecraft:damage_dealt_resisted":332,"minecraft:leave_game":3,"minecraft:time_since_death":5212,"minecraft:climb_one_cm":428,"minecraft:sprint_one_cm":357904,"minecraft:walk_one_cm":282374,"minecraft:damage_blocked_by_shield":1065,"minecraft:drop":43,"minecraft:talked_to_villager":12,"minecraft:play_time":118360,"minecraft:deaths":4,"minecraft:sneak_time":12081,"minecraft:walk_under_water_one_cm":11578,"minecraft:jump":2589,"minecraft:walk_on_water_one_cm":24859,"minecraft:total_world_time":118360,"minecraft:interact_with_furnace":33,"minecraft:traded_with_villager":72,"minecraft:sleep_in_bed":8,"minecraft:time_since_rest":3326,"minecraft:damage_taken":1742,"minecraft:damage_dealt":7664,"minecraft:swim_one_cm":21047,"minecraft:fly_one_cm":434340,"minecraft:player_kills":6,"minecraft:open_chest":17,"minecraft:crouch_one_cm":37784,"tombstone:undead_killed":17,"minecraft:interact_with_smoker":4,"minecraft:fall_one_cm":64187},"minecraft:crafted":{"quark:blossom_planks_slab":6,"minecraft:cobbled_deepslate_slab":12,"minecraft:oak_planks":16,"minecraft:furnace":1,"supplementaries:lapis_bricks":1,"quark:blossom_chest":2,"quark:deepslate_furnace":1,"minecraft:raw_copper_block":1,"minecraft:cooked_mutton":29,"minecraft:bow":2,"minecraft:iron_boots":1,"minecraft:iron_axe":1,"minecraft:stone_pickaxe":1,"minecraft:dark_oak_planks":1168,"minecraft:raw_iron_block":1,"minecraft:coal_block":7,"minecraft:crossbow":4,"minecraft:emerald":66,"quark:blossom_planks":272,"minecraft:crafting_table":2,"minecraft:wooden_pickaxe":1,"minecraft:iron_helmet":1,"minecraft:iron_sword":1,"minecraft:raw_gold_block":8,"minecraft:bucket":1,"minecraft:stone_axe":1,"minecraft:air":0,"minecraft:iron_chestplate":1,"minecraft:shield":1,"minecraft:raw_gold":72,"minecraft:stick":2384,"minecraft:iron_ingot":36,"minecraft:iron_pickaxe":1,"minecraft:iron_leggings":1,"minecraft:white_bed":3,"farmersdelight:diamond_knife":1,"minecraft:torch":20,"minecraft:shears":1},"minecraft:killed_by":{"minecraft:player":2,"minecraft:cave_spider":1,"minecraft:zombie":1}},"DataVersion":2975}