{"stats":{"minecraft:killed_by":{"minecraft:cave_spider":1},"minecraft:dropped":{"quark:blossom_planks_slab":1,"minecraft:lapis_lazuli":2,"minecraft:raw_copper":1,"minecraft:rail":1,"minecraft:coal":1,"supplementaries:lapis_bricks":1,"supplementaries:flax_seeds":4,"create:veridium":13,"tombstone:grave_dust":1,"minecraft:wooden_pickaxe":1},"minecraft:custom":{"minecraft:interact_with_furnace":27,"minecraft:mob_kills":23,"minecraft:interact_with_crafting_table":20,"minecraft:open_barrel":4,"minecraft:damage_dealt_resisted":332,"minecraft:leave_game":1,"minecraft:time_since_death":18755,"minecraft:sleep_in_bed":3,"minecraft:time_since_rest":7540,"minecraft:sprint_one_cm":144246,"minecraft:damage_taken":774,"minecraft:walk_one_cm":119489,"minecraft:damage_blocked_by_shield":915,"minecraft:drop":14,"minecraft:damage_dealt":4771,"minecraft:swim_one_cm":17632,"minecraft:fly_one_cm":181933,"minecraft:crouch_one_cm":20076,"minecraft:play_time":48383,"tombstone:undead_killed":16,"minecraft:deaths":1,"minecraft:sneak_time":6595,"minecraft:walk_under_water_one_cm":9764,"minecraft:jump":1128,"minecraft:walk_on_water_one_cm":20498,"minecraft:total_world_time":48383,"minecraft:fall_one_cm":22654},"minecraft:used":{"minecraft:cooked_mutton":4,"minecraft:water_bucket":15,"minecraft:stone_pickaxe":44,"minecraft:oak_sign":1,"minecraft:wooden_pickaxe":10,"minecraft:shield":15,"minecraft:iron_sword":98,"minecraft:rotten_flesh":13,"minecraft:torch":30,"minecraft:glow_berries":6,"minecraft:mutton":1,"minecraft:crafting_table":7,"minecraft:white_bed":3,"quark:blossom_planks_slab":6,"minecraft:lava_bucket":1,"minecraft:iron_axe":37,"minecraft:iron_pickaxe":139,"minecraft:stone_axe":31,"minecraft:cobbled_deepslate_slab":5,"minecraft:oak_sapling":1,"minecraft:furnace":2,"minecraft:bucket":17,"tombstone:gift":4,"quark:blossom_planks":167,"alexsmobs:animal_dictionary":2},"minecraft:mined":{"create:zinc_ore":8,"create:deepslate_zinc_ore":11,"minecraft:white_bed":3,"quark:yellow_blossom_leaves":1,"minecraft:deepslate_diamond_ore":1,"minecraft:crafting_table":6,"minecraft:torch":1,"biomesoplenty:bush":2,"minecraft:emerald_ore":1,"quark:blossom_log":52,"minecraft:diorite":3,"minecraft:wall_torch":1,"supplementaries:urn":3,"minecraft:black_stained_glass_pane":2,"minecraft:furnace":2,"quark:pink_blossom_leaves":5,"minecraft:iron_ore":46,"quark:blossom_planks":17,"minecraft:grass":2,"minecraft:oak_log":4,"minecraft:coal_ore":58,"minecraft:gravel":3,"minecraft:stone":29,"biomesoplenty:spider_egg":1,"quark:blossom_planks_slab":1,"create:veridium":14,"minecraft:oak_leaves":8,"minecraft:deepslate":17},"minecraft:picked_up":{"minecraft:crafting_table":6,"create:raw_zinc":18,"minecraft:oak_log":4,"supplementaries:flax_seeds":4,"minecraft:gunpowder":1,"artifacts:shock_pendant":1,"minecraft:bone":7,"minecraft:oak_sign":1,"minecraft:cobbled_deepslate":17,"minecraft:iron_ingot":1,"minecraft:furnace":2,"minecraft:raw_iron":75,"minecraft:torch":3,"minecraft:gravel":3,"quark:blossom_log":50,"quark:blossom_planks_slab":1,"sophisticatedbackpacks:iron_backpack":1,"tombstone:grave_dust":3,"minecraft:diorite":3,"minecraft:white_bed":3,"quark:blossom_planks":17,"minecraft:arrow":3,"minecraft:rotten_flesh":13,"minecraft:diamond":1,"create:veridium":13,"minecraft:emerald":1,"supplementaries:ash":13,"minecraft:oak_sapling":1,"minecraft:mutton":5,"minecraft:coal":98,"minecraft:bone_block":17,"minecraft:white_wool":3,"minecraft:cobblestone":29},"minecraft:killed":{"minecraft:creeper":2,"minecraft:sheep":3,"minecraft:skeleton":3,"minecraft:zombie":13,"artifacts:mimic":1},"minecraft:crafted":{"minecraft:coal_block":7,"quark:blossom_planks_slab":6,"minecraft:cobbled_deepslate_slab":12,"minecraft:oak_planks":16,"quark:blossom_planks":200,"minecraft:crafting_table":1,"minecraft:wooden_pickaxe":1,"minecraft:iron_helmet":1,"minecraft:raw_gold_block":8,"minecraft:iron_sword":1,"minecraft:furnace":1,"supplementaries:lapis_bricks":1,"minecraft:bucket":1,"minecraft:stone_axe":1,"minecraft:raw_copper_block":1,"minecraft:cooked_mutton":4,"minecraft:air":0,"minecraft:iron_boots":1,"minecraft:iron_chestplate":1,"minecraft:shield":1,"minecraft:raw_gold":72,"minecraft:iron_axe":1,"minecraft:stick":16,"minecraft:iron_ingot":36,"minecraft:stone_pickaxe":1,"minecraft:iron_pickaxe":1,"minecraft:iron_leggings":1,"minecraft:white_bed":1,"minecraft:torch":20,"minecraft:raw_iron_block":1}},"DataVersion":2975}