{
  "the_bumblezone:the_bumblezone/wiki": {
    "criteria": {
      "instant_granted": "2024-11-09 00:30:50 +0000"
    },
    "done": true
  },
  "minecraft:recipes/decorations/crafting_table": {
    "criteria": {
      "unlock_right_away": "2024-11-09 00:30:50 +0000"
    },
    "done": true
  },
  "the_bumblezone:the_bumblezone/root": {
    "criteria": {
      "instant_granted": "2024-11-09 00:30:50 +0000"
    },
    "done": true
  },
  "minecraft:adventure/adventuring_time": {
    "criteria": {
      "minecraft:taiga": "2024-11-09 00:30:51 +0000"
    },
    "done": false
  },
  "minecraft:husbandry/root": {
    "criteria": {
      "consumed_item": "2024-11-09 00:46:40 +0000"
    },
    "done": true
  },
  "minecraft:husbandry/balanced_diet": {
    "criteria": {
      "cooked_beef": "2024-11-09 00:46:40 +0000"
    },
    "done": false
  },
  "minecraft:recipes/decorations/chest": {
    "criteria": {
      "has_lots_of_items": "2024-11-09 00:48:42 +0000"
    },
    "done": true
  },
  "DataVersion": 3337
}