{
  "the_bumblezone:the_bumblezone/wiki": {
    "criteria": {
      "instant_granted": "2024-11-09 00:41:01 +0000"
    },
    "done": true
  },
  "minecraft:recipes/decorations/crafting_table": {
    "criteria": {
      "unlock_right_away": "2024-11-09 00:41:01 +0000"
    },
    "done": true
  },
  "the_bumblezone:the_bumblezone/root": {
    "criteria": {
      "instant_granted": "2024-11-09 00:41:01 +0000"
    },
    "done": true
  },
  "minecraft:adventure/adventuring_time": {
    "criteria": {
      "minecraft:taiga": "2024-11-09 00:41:02 +0000"
    },
    "done": false
  },
  "minecraft:recipes/decorations/chest": {
    "criteria": {
      "has_lots_of_items": "2024-11-09 00:47:55 +0000"
    },
    "done": true
  },
  "extendedslabs:recipes/building_blocks/grass_block_slab": {
    "criteria": {
      "has_grass_block": "2024-11-09 01:09:34 +0000"
    },
    "done": true
  },
  "extendedslabs:recipes/building_blocks/vertical_grass_block_slab": {
    "criteria": {
      "has_grass_block": "2024-11-09 01:09:34 +0000"
    },
    "done": true
  },
  "minecraft:story/shiny_gear": {
    "criteria": {
      "diamond_helmet": "2024-11-09 01:12:23 +0000"
    },
    "done": true
  },
  "minecraft:husbandry/root": {
    "criteria": {
      "consumed_item": "2024-11-09 01:14:57 +0000"
    },
    "done": true
  },
  "minecraft:husbandry/balanced_diet": {
    "criteria": {
      "sweet_berries": "2024-11-09 01:14:57 +0000"
    },
    "done": false
  },
  "DataVersion": 3337
}