{
  "the_bumblezone:the_bumblezone/wiki": {
    "criteria": {
      "instant_granted": "2024-11-08 03:12:35 +0000"
    },
    "done": true
  },
  "minecraft:recipes/decorations/crafting_table": {
    "criteria": {
      "unlock_right_away": "2024-11-08 03:12:35 +0000"
    },
    "done": true
  },
  "the_bumblezone:the_bumblezone/root": {
    "criteria": {
      "instant_granted": "2024-11-08 03:12:35 +0000"
    },
    "done": true
  },
  "minecraft:adventure/adventuring_time": {
    "criteria": {
      "minecraft:dark_forest": "2024-11-08 03:12:36 +0000"
    },
    "done": false
  },
  "minecraft:recipes/misc/mojang_banner_pattern": {
    "criteria": {
      "has_enchanted_golden_apple": "2024-11-08 03:26:42 +0000"
    },
    "done": true
  },
  "friendsandfoes:adventure/it_bites": {
    "criteria": {
      "killed_mauler": "2024-11-08 03:27:46 +0000"
    },
    "done": true
  },
  "minecraft:adventure/root": {
    "criteria": {
      "killed_something": "2024-11-08 03:27:46 +0000"
    },
    "done": true
  },
  "friendsandfoes:nether/obtain_wildfire_crown": {
    "criteria": {
      "wildfire_crown": "2024-11-08 03:28:06 +0000"
    },
    "done": true
  },
  "minecraft:story/obtain_armor": {
    "criteria": {
      "iron_chestplate": "2024-11-08 04:11:43 +0000"
    },
    "done": true
  },
  "minecraft:recipes/misc/iron_nugget_from_smelting": {
    "criteria": {
      "has_iron_chestplate": "2024-11-08 04:11:43 +0000"
    },
    "done": true
  },
  "minecraft:recipes/decorations/chest": {
    "criteria": {
      "has_lots_of_items": "2024-11-08 04:14:36 +0000"
    },
    "done": true
  },
  "minecraft:story/shiny_gear": {
    "criteria": {
      "diamond_helmet": "2024-11-08 03:32:35 +0000"
    },
    "done": true
  },
  "minecraft:recipes/redstone/lightning_rod": {
    "criteria": {
      "has_copper_ingot": "2024-11-08 04:11:47 +0000"
    },
    "done": true
  },
  "minecraft:nether/netherite_armor": {
    "criteria": {
      "netherite_armor": "2024-11-08 03:48:42 +0000"
    },
    "done": true
  },
  "minecraft:recipes/building_blocks/copper_block": {
    "criteria": {
      "has_copper_ingot": "2024-11-08 04:11:47 +0000"
    },
    "done": true
  },
  "friendsandfoes:recipes/redstone/copper_button": {
    "criteria": {
      "has_copper_ingot": "2024-11-08 04:11:47 +0000"
    },
    "done": true
  },
  "minecraft:recipes/misc/iron_nugget_from_blasting": {
    "criteria": {
      "has_iron_chestplate": "2024-11-08 04:11:43 +0000"
    },
    "done": true
  },
  "DataVersion": 3337
}